paper_id,title,year,doi,abstract,authors,venue,url,source,full_text_path,full_text_availability_status,full_text_availability_source,full_text_url,full_text_url_kind,full_text_url_checked_at,full_text_url_content_type,full_text_license,full_text_is_open_access,full_text_availability_error,notes,abstract_available,full_text_available,metadata_notes
10_1016_j_media_2020_101694,Convolutional neural networks for classification of Alzheimer's disease: Overview and reproducible evaluation,2020,10.1016/j.media.2020.101694,"Numerous machine learning (ML) approaches have been proposed for automatic classification of Alzheimer's disease (AD) from brain imaging data. In particular, over 30 papers have proposed to use convolutional neural networks (CNN) for AD classification from anatomical MRI. However, the classification performance is difficult to compare across studies due to variations in components such as participant selection, image preprocessing or validation procedure. Moreover, these studies are hardly reproducible because their frameworks are not publicly accessible and because implementation details are lacking. Lastly, some of these papers may report a biased performance due to inadequate or unclear validation or model selection procedures. In the present work, we aim to address these limitations through three main contributions. First, we performed a systematic literature review. We identified four main types of approaches: i) 2D slice-level, ii) 3D patch-level, iii) ROI-based and iv) 3D subject-level CNN. Moreover, we found that more than half of the surveyed papers may have suffered from data leakage and thus reported biased performance. Our second contribution is the extension of our open-source framework for classification of AD using CNN and T1-weighted MRI. The framework comprises previously developed tools to automatically convert ADNI, AIBL and OASIS data into the BIDS standard, and a modular set of image preprocessing procedures, classification architectures and evaluation procedures dedicated to deep learning. Finally, we used this framework to rigorously compare different CNN architectures. The data was split into training/validation/test sets at the very beginning and only the training/validation sets were used for model selection. To avoid any overfitting, the test sets were left untouched until the end of the peer-review process. Overall, the different 3D approaches (3D-subject, 3D-ROI, 3D-patch) achieved similar performances while that of the 2D slice approach was lower. Of note, the different CNN approaches did not perform better than a SVM with voxel-based features. The different approaches generalized well to similar populations but not to datasets with different inclusion criteria or demographical characteristics. All the code of the framework and the experiments is publicly available: general-purpose tools have been integrated into the Clinica software (www.clinica.run) and the paper-specific code is available at: https://github.com/aramis-lab/AD-DL.",Junhao Wen; Elina Thibeau–Sutre; Mauricio Diaz-Melo; Jorge Samper‐Gonzàlez; Alexandre Routier; Simona Bottani; Didier Dormont; Stanley Durrleman; Ninon Burgos; Olivier Colliot,Medical Image Analysis,https://doi.org/10.1016/j.media.2020.101694,collected:openalex,,verified,openalex_best_oa_location,https://linkinghub.elsevier.com/retrieve/pii/S1361841520300591,landing_page,2026-06-19T14:06:28.771254+00:00,text/html;charset=UTF-8,public-domain,yes,,"provider=openalex; provider_id=https://openalex.org/W3022315685; source_rank=1; retrieval_date=2026-06-19; screening_confidence=high; screening_reason=Deterministic title-strict tier-0 retrieval match: anchor and all main topics matched in the title.; screening_status=deterministic_include; title_anchor_present=yes; title_relevance_tier=0; title_matched_main_topics=alzheimers_disease; artificial_intelligence; source_query=(""Alzheimer's disease"" OR Alzheimer's OR ""Alzheimer disease"" OR ""prodromal Alzheimer's disease"" OR ""preclinical Alzheimer's disease"" OR ""dementia due to Alzheimer's disease"") AND (""artificial intelligence"" OR AI OR ""machine learning"" OR ""deep learning"" OR ""neural network"" OR ""natural language processing"" OR ""computer vision"" OR ""computational intelligence""); source_query_reason=Tier 0: anchor and all main topics.; dedupe_key=doi:10.1016/j.media.2020.101694; duplicate_count=1; in_fetch_duplicate_count=1; topic_main_matches=alzheimers_disease=Alzheimer disease@title|Alzheimer@title|Alzheimer's disease@title|Alzheimer's@title, artificial_intelligence=neural network@title|neural networks@title",yes,yes,
10_3389_fpubh_2022_853294,Early-Stage Alzheimer's Disease Prediction Using Machine Learning Models,2022,10.3389/fpubh.2022.853294,"Alzheimer's disease (AD) is the leading cause of dementia in older adults. There is currently a lot of interest in applying machine learning to find out metabolic diseases like Alzheimer's and Diabetes that affect a large population of people around the world. Their incidence rates are increasing at an alarming rate every year. In Alzheimer's disease, the brain is affected by neurodegenerative changes. As our aging population increases, more and more individuals, their families, and healthcare will experience diseases that affect memory and functioning. These effects will be profound on the social, financial, and economic fronts. In its early stages, Alzheimer's disease is hard to predict. A treatment given at an early stage of AD is more effective, and it causes fewer minor damage than a treatment done at a later stage. Several techniques such as Decision Tree, Random Forest, Support Vector Machine, Gradient Boosting, and Voting classifiers have been employed to identify the best parameters for Alzheimer's disease prediction. Predictions of Alzheimer's disease are based on Open Access Series of Imaging Studies (OASIS) data, and performance is measured with parameters like Precision, Recall, Accuracy, and F1-score for ML models. The proposed classification scheme can be used by clinicians to make diagnoses of these diseases. It is highly beneficial to lower annual mortality rates of Alzheimer's disease in early diagnosis with these ML algorithms. The proposed work shows better results with the best validation average accuracy of 83% on the test data of AD. This test accuracy score is significantly higher in comparison with existing works.",C. Kavitha; Vinodhini Mani; S. Srividhya; Osamah Ibrahim Khalaf; Carlos Andrés Tavera Romero,Frontiers in Public Health,https://doi.org/10.3389/fpubh.2022.853294,collected:openalex,,verified,openalex_open_access,https://www.frontiersin.org/journals/public-health/articles/10.3389/fpubh.2022.853294/pdf,pdf,2026-06-19T14:06:28.478309+00:00,application/pdf,,yes,,"provider=openalex; provider_id=https://openalex.org/W4214898695; source_rank=2; retrieval_date=2026-06-19; screening_confidence=high; screening_reason=Deterministic title-strict tier-0 retrieval match: anchor and all main topics matched in the title.; screening_status=deterministic_include; title_anchor_present=yes; title_relevance_tier=0; title_matched_main_topics=alzheimers_disease; artificial_intelligence; source_query=(""Alzheimer's disease"" OR Alzheimer's OR ""Alzheimer disease"" OR ""prodromal Alzheimer's disease"" OR ""preclinical Alzheimer's disease"" OR ""dementia due to Alzheimer's disease"") AND (""artificial intelligence"" OR AI OR ""machine learning"" OR ""deep learning"" OR ""neural network"" OR ""natural language processing"" OR ""computer vision"" OR ""computational intelligence""); source_query_reason=Tier 0: anchor and all main topics.; dedupe_key=doi:10.3389/fpubh.2022.853294; duplicate_count=1; in_fetch_duplicate_count=1; topic_main_matches=alzheimers_disease=Alzheimer disease@title|Alzheimer@title|Alzheimer's disease@title|Alzheimer's@title, artificial_intelligence=machine learning@title",yes,yes,
10_1016_j_artmed_2022_102332,Deep learning for Alzheimer's disease diagnosis: A survey,2022,10.1016/j.artmed.2022.102332,,M. Khojaste-Sarakhsi; Seyedhamidreza Shahabi Haghighi; S.M.T. Fatemi Ghomi; Elena Marchiori,Artificial Intelligence in Medicine,https://doi.org/10.1016/j.artmed.2022.102332,collected:openalex,,verified,openalex_primary_location,https://linkinghub.elsevier.com/retrieve/pii/S0933365722000975,landing_page,2026-06-19T14:06:37.952727+00:00,text/html;charset=UTF-8,,no,,"provider=openalex; provider_id=https://openalex.org/W4281730963; source_rank=3; retrieval_date=2026-06-19; screening_confidence=high; screening_reason=Deterministic title-strict tier-0 retrieval match: anchor and all main topics matched in the title.; screening_status=deterministic_include; title_anchor_present=yes; title_relevance_tier=0; title_matched_main_topics=alzheimers_disease; artificial_intelligence; source_query=(""Alzheimer's disease"" OR Alzheimer's OR ""Alzheimer disease"" OR ""prodromal Alzheimer's disease"" OR ""preclinical Alzheimer's disease"" OR ""dementia due to Alzheimer's disease"") AND (""artificial intelligence"" OR AI OR ""machine learning"" OR ""deep learning"" OR ""neural network"" OR ""natural language processing"" OR ""computer vision"" OR ""computational intelligence""); source_query_reason=Tier 0: anchor and all main topics.; dedupe_key=doi:10.1016/j.artmed.2022.102332; duplicate_count=1; in_fetch_duplicate_count=1; topic_main_matches=alzheimers_disease=Alzheimer disease@title|Alzheimer@title|Alzheimer's disease@title|Alzheimer's@title, artificial_intelligence=deep learning@title",no,yes,missing_abstract
10_3389_fncom_2023_1038636,Conventional machine learning and deep learning in Alzheimer's disease diagnosis using neuroimaging: A review,2023,10.3389/fncom.2023.1038636,"Alzheimer's disease (AD) is a neurodegenerative disorder that causes memory degradation and cognitive function impairment in elderly people. The irreversible and devastating cognitive decline brings large burdens on patients and society. So far, there is no effective treatment that can cure AD, but the process of early-stage AD can slow down. Early and accurate detection is critical for treatment. In recent years, deep-learning-based approaches have achieved great success in Alzheimer's disease diagnosis. The main objective of this paper is to review some popular conventional machine learning methods used for the classification and prediction of AD using Magnetic Resonance Imaging (MRI). The methods reviewed in this paper include support vector machine (SVM), random forest (RF), convolutional neural network (CNN), autoencoder, deep learning, and transformer. This paper also reviews pervasively used feature extractors and different types of input forms of convolutional neural network. At last, this review discusses challenges such as class imbalance and data leakage. It also discusses the trade-offs and suggestions about pre-processing techniques, deep learning, conventional machine learning methods, new techniques, and input type selection.",Zhen Zhao; Joon Huang Chuah; Khin Wee Lai; Chee‐Onn Chow; Munkhjargal Gochoo; Samiappan Dhanalakshmi; Na Wang; Wei Bao; Xiang Wu,Frontiers in Computational Neuroscience,https://doi.org/10.3389/fncom.2023.1038636,collected:openalex,,verified,openalex_open_access,https://www.frontiersin.org/journals/computational-neuroscience/articles/10.3389/fncom.2023.1038636/pdf,pdf,2026-06-19T14:06:28.478424+00:00,application/pdf,,yes,,"provider=openalex; provider_id=https://openalex.org/W4319321475; source_rank=4; retrieval_date=2026-06-19; screening_confidence=high; screening_reason=Deterministic title-strict tier-0 retrieval match: anchor and all main topics matched in the title.; screening_status=deterministic_include; title_anchor_present=yes; title_relevance_tier=0; title_matched_main_topics=alzheimers_disease; artificial_intelligence; source_query=(""Alzheimer's disease"" OR Alzheimer's OR ""Alzheimer disease"" OR ""prodromal Alzheimer's disease"" OR ""preclinical Alzheimer's disease"" OR ""dementia due to Alzheimer's disease"") AND (""artificial intelligence"" OR AI OR ""machine learning"" OR ""deep learning"" OR ""neural network"" OR ""natural language processing"" OR ""computer vision"" OR ""computational intelligence""); source_query_reason=Tier 0: anchor and all main topics.; dedupe_key=doi:10.3389/fncom.2023.1038636; duplicate_count=1; in_fetch_duplicate_count=1; topic_main_matches=alzheimers_disease=Alzheimer disease@title|Alzheimer@title|Alzheimer's disease@title|Alzheimer's@title, artificial_intelligence=deep learning@title|machine learning@title",yes,yes,
10_1016_j_neuroimage_2020_117203,Predicting Alzheimer's disease progression using deep recurrent neural networks,2020,10.1016/j.neuroimage.2020.117203,"Early identification of individuals at risk of developing Alzheimer's disease (AD) dementia is important for developing disease-modifying therapies. In this study, given multimodal AD markers and clinical diagnosis of an individual from one or more timepoints, we seek to predict the clinical diagnosis, cognition and ventricular volume of the individual for every month (indefinitely) into the future. We proposed and applied a minimal recurrent neural network (minimalRNN) model to data from The Alzheimer's Disease Prediction Of Longitudinal Evolution (TADPOLE) challenge, comprising longitudinal data of 1677 participants (Marinescu et al., 2018) from the Alzheimer's Disease Neuroimaging Initiative (ADNI). We compared the performance of the minimalRNN model and four baseline algorithms up to 6 years into the future. Most previous work on predicting AD progression ignore the issue of missing data, which is a prevalent issue in longitudinal data. Here, we explored three different strategies to handle missing data. Two of the strategies treated the missing data as a ""preprocessing"" issue, by imputing the missing data using the previous timepoint (""forward filling"") or linear interpolation (""linear filling). The third strategy utilized the minimalRNN model itself to fill in the missing data both during training and testing (""model filling""). Our analyses suggest that the minimalRNN with ""model filling"" compared favorably with baseline algorithms, including support vector machine/regression, linear state space (LSS) model, and long short-term memory (LSTM) model. Importantly, although the training procedure utilized longitudinal data, we found that the trained minimalRNN model exhibited similar performance, when using only 1 input timepoint or 4 input timepoints, suggesting that our approach might work well with just cross-sectional data. An earlier version of our approach was ranked 5th (out of 53 entries) in the TADPOLE challenge in 2019. The current approach is ranked 2nd out of 63 entries as of June 3rd, 2020.",Minh Nguyen; Tong He; Lijun An; Daniel C. Alexander; Jiashi Feng; B.T. Thomas Yeo,NeuroImage,https://doi.org/10.1016/j.neuroimage.2020.117203,collected:openalex,,verified,openalex_open_access,https://linkinghub.elsevier.com/retrieve/pii/S1053811920306893,landing_page,2026-06-19T14:06:28.478538+00:00,text/html;charset=UTF-8,,yes,,"provider=openalex; provider_id=https://openalex.org/W3047286661; source_rank=5; retrieval_date=2026-06-19; screening_confidence=high; screening_reason=Deterministic title-strict tier-0 retrieval match: anchor and all main topics matched in the title.; screening_status=deterministic_include; title_anchor_present=yes; title_relevance_tier=0; title_matched_main_topics=alzheimers_disease; artificial_intelligence; source_query=(""Alzheimer's disease"" OR Alzheimer's OR ""Alzheimer disease"" OR ""prodromal Alzheimer's disease"" OR ""preclinical Alzheimer's disease"" OR ""dementia due to Alzheimer's disease"") AND (""artificial intelligence"" OR AI OR ""machine learning"" OR ""deep learning"" OR ""neural network"" OR ""natural language processing"" OR ""computer vision"" OR ""computational intelligence""); source_query_reason=Tier 0: anchor and all main topics.; dedupe_key=doi:10.1016/j.neuroimage.2020.117203; duplicate_count=1; in_fetch_duplicate_count=1; topic_main_matches=alzheimers_disease=Alzheimer disease@title|Alzheimer@title|Alzheimer's disease@title|Alzheimer's@title, artificial_intelligence=neural network@title|neural networks@title",yes,yes,
10_1016_j_irbm_2020_06_006,Deep Convolution Neural Network Based System for Early Diagnosis of Alzheimer's Disease,2020,10.1016/j.irbm.2020.06.006,,Rekh Ram Janghel; Yogesh Kumar Rathore,IRBM,https://doi.org/10.1016/j.irbm.2020.06.006,collected:openalex,,verified,openalex_primary_location,https://linkinghub.elsevier.com/retrieve/pii/S195903182030110X,landing_page,2026-06-19T14:06:38.137846+00:00,text/html;charset=UTF-8,,no,,"provider=openalex; provider_id=https://openalex.org/W3040248281; source_rank=6; retrieval_date=2026-06-19; screening_confidence=high; screening_reason=Deterministic title-strict tier-0 retrieval match: anchor and all main topics matched in the title.; screening_status=deterministic_include; title_anchor_present=yes; title_relevance_tier=0; title_matched_main_topics=alzheimers_disease; artificial_intelligence; source_query=(""Alzheimer's disease"" OR Alzheimer's OR ""Alzheimer disease"" OR ""prodromal Alzheimer's disease"" OR ""preclinical Alzheimer's disease"" OR ""dementia due to Alzheimer's disease"") AND (""artificial intelligence"" OR AI OR ""machine learning"" OR ""deep learning"" OR ""neural network"" OR ""natural language processing"" OR ""computer vision"" OR ""computational intelligence""); source_query_reason=Tier 0: anchor and all main topics.; dedupe_key=doi:10.1016/j.irbm.2020.06.006; duplicate_count=1; in_fetch_duplicate_count=1; topic_main_matches=alzheimers_disease=Alzheimer disease@title|Alzheimer@title|Alzheimer's disease@title|Alzheimer's@title, artificial_intelligence=neural network@title",no,yes,missing_abstract
10_3389_fpubh_2022_834032,Evaluation of Neuro Images for the Diagnosis of Alzheimer's Disease Using Deep Learning Neural Network,2022,10.3389/fpubh.2022.834032,"Alzheimer's Disease (AD) is a progressive, neurodegenerative brain disease and is an incurable ailment. No drug exists for AD, but its progression can be delayed if the disorder is identified at its initial stage. Therefore, an early analysis of AD is of fundamental importance for patient care and efficient treatment. Neuroimaging techniques aim to assist the physician in the diagnosis of brain disorders by using images. Positron emission tomography (PET) is a kind of neuroimaging technique employed to create 3D images of the brain. Due to many PET images, researchers attempted to develop computer-aided diagnosis (CAD) to differentiate normal control from AD. Most of the earlier methods used image processing techniques for preprocessing and attributes extraction and then developed a model or classifier to classify the brain images. As a result, the retrieved features had a significant impact on the recognition rate of previous techniques. A novel and enhanced CAD system based on a convolutional neural network (CNN) is formulated to address this issue, capable of discriminating normal control from Alzheimer's disease patients. The proposed approach is evaluated using the 18FDG-PET images of 855 patients, including 635 normal control and 220 Alzheimer's disease patients from the ADNI database. The result showed that the proposed CAD system yields an accuracy of 96%, a sensitivity of 96%, and a specificity of 94%, leading to splendid performance when related to the methods already in use that are specified in the literature.",A. Ahila; M. Poongodi; Mounir Hamdi; Sami Bourouis; Rastislav Kulhánek; Faizaan Mohmed,Frontiers in Public Health,https://doi.org/10.3389/fpubh.2022.834032,collected:openalex,,verified,openalex_open_access,https://www.frontiersin.org/journals/public-health/articles/10.3389/fpubh.2022.834032/pdf,pdf,2026-06-19T14:06:28.478642+00:00,application/pdf,,yes,,"provider=openalex; provider_id=https://openalex.org/W4210296429; source_rank=7; retrieval_date=2026-06-19; screening_confidence=high; screening_reason=Deterministic title-strict tier-0 retrieval match: anchor and all main topics matched in the title.; screening_status=deterministic_include; title_anchor_present=yes; title_relevance_tier=0; title_matched_main_topics=alzheimers_disease; artificial_intelligence; source_query=(""Alzheimer's disease"" OR Alzheimer's OR ""Alzheimer disease"" OR ""prodromal Alzheimer's disease"" OR ""preclinical Alzheimer's disease"" OR ""dementia due to Alzheimer's disease"") AND (""artificial intelligence"" OR AI OR ""machine learning"" OR ""deep learning"" OR ""neural network"" OR ""natural language processing"" OR ""computer vision"" OR ""computational intelligence""); source_query_reason=Tier 0: anchor and all main topics.; dedupe_key=doi:10.3389/fpubh.2022.834032; duplicate_count=1; in_fetch_duplicate_count=1; topic_main_matches=alzheimers_disease=Alzheimer disease@title|Alzheimer@title|Alzheimer's disease@title|Alzheimer's@title, artificial_intelligence=deep learning@title|neural network@title",yes,yes,
10_1002_alz_13390,Artificial intelligence for biomarker discovery in Alzheimer's disease and dementia,2023,10.1002/alz.13390,"With the increase in large multimodal cohorts and high-throughput technologies, the potential for discovering novel biomarkers is no longer limited by data set size. Artificial intelligence (AI) and machine learning approaches have been developed to detect novel biomarkers and interactions in complex data sets. We discuss exemplar uses and evaluate current applications and limitations of AI to discover novel biomarkers. Remaining challenges include a lack of diversity in the data sets available, the sheer complexity of investigating interactions, the invasiveness and cost of some biomarkers, and poor reporting in some studies. Overcoming these challenges will involve collecting data from underrepresented populations, developing more powerful AI approaches, validating the use of noninvasive biomarkers, and adhering to reporting guidelines. By harnessing rich multimodal data through AI approaches and international collaborative innovation, we are well positioned to identify clinically useful biomarkers that are accurate, generalizable, unbiased, and acceptable in clinical practice. HIGHLIGHTS: Artificial intelligence and machine learning approaches may accelerate dementia biomarker discovery. Remaining challenges include data set suitability due to size and bias in cohort selection. Multimodal data, diverse data sets, improved machine learning approaches, real-world validation, and interdisciplinary collaboration are required.",Laura Winchester; Eric L. Harshfield; Shi Liu; AmanPreet Badhwar; Ahmad Al Khleifat; Natasha Clarke; Amir Dehsarvi; Imre Lengyel; Ilianna Lourida; Christopher R. Madan; Sarah J. Marzi; Petroula Proitsi; Anto P. Rajkumar; Timothy Rittman; Edina Silajdžić; Stefano Tamburin; Janice M. Ranson; David J. Llewellyn,Alzheimer s & Dementia,https://doi.org/10.1002/alz.13390,collected:openalex,,verified,openalex_open_access,https://onlinelibrary.wiley.com/action/cookieAbsent,pdf,2026-06-19T14:06:28.478762+00:00,text/html;charset=UTF-8,,yes,,"provider=openalex; provider_id=https://openalex.org/W4386347024; source_rank=8; retrieval_date=2026-06-19; screening_confidence=high; screening_reason=Deterministic title-strict tier-0 retrieval match: anchor and all main topics matched in the title.; screening_status=deterministic_include; title_anchor_present=yes; title_relevance_tier=0; title_matched_main_topics=alzheimers_disease; artificial_intelligence; source_query=(""Alzheimer's disease"" OR Alzheimer's OR ""Alzheimer disease"" OR ""prodromal Alzheimer's disease"" OR ""preclinical Alzheimer's disease"" OR ""dementia due to Alzheimer's disease"") AND (""artificial intelligence"" OR AI OR ""machine learning"" OR ""deep learning"" OR ""neural network"" OR ""natural language processing"" OR ""computer vision"" OR ""computational intelligence""); source_query_reason=Tier 0: anchor and all main topics.; dedupe_key=doi:10.1002/alz.13390; duplicate_count=1; in_fetch_duplicate_count=1; topic_main_matches=alzheimers_disease=Alzheimer disease@title|Alzheimer@title|Alzheimer's disease@title|Alzheimer's@title, artificial_intelligence=artificial intelligence@title",yes,yes,
10_1109_access_2021_3090474,DEMNET: A Deep Learning Model for Early Diagnosis of Alzheimer Diseases and Dementia From MR Images,2021,10.1109/access.2021.3090474,"Alzheimer's Disease (AD) is the most common cause of dementia globally. It steadily worsens from mild to severe, impairing one's ability to complete any work without assistance. It begins to outstrip due to the population ages and diagnosis timeline. For classifying cases, existing approaches incorporate medical history, neuropsychological testing, and Magnetic Resonance Imaging (MRI), but efficient procedures remain inconsistent due to lack of sensitivity and precision. The Convolutional Neural Network (CNN) is utilized to create a framework that can be used to detect specific Alzheimer's disease characteristics from MRI images. By considering four stages of dementia and conducting a particular diagnosis, the proposed model generates high-resolution disease probability maps from the local brain structure to a multilayer perceptron and provides accurate, intuitive visualizations of individual Alzheimer's disease risk. To avoid the problem of class imbalance, the samples should be evenly distributed among the classes. The obtained MRI image dataset from Kaggle has a major class imbalance problem. A DEMentia NETwork (DEMNET) is proposed to detect the dementia stages from MRI. The DEMNET achieves an accuracy of 95.23%, Area Under Curve (AUC) of 97% and Cohen's Kappa value of 0.93 from the Kaggle dataset, which is superior to existing methods. We also used the Alzheimer's Disease Neuroimaging Initiative (ADNI) dataset to predict AD classes in order to assess the efficacy of the proposed model.",Suriya Murugan; Chandran Venkatesan; M. G. Sumithra; Xiao‐Zhi Gao; B. Elakkiya; M. Akila; S. Manoharan,IEEE Access,https://doi.org/10.1109/access.2021.3090474,collected:openalex,,verified,openalex_open_access,https://ieeexplore.ieee.org/ielx7/6287639/9312710/09459692.pdf,pdf,2026-06-19T14:06:28.478833+00:00,application/pdf,,yes,,"provider=openalex; provider_id=https://openalex.org/W3173195087; source_rank=9; retrieval_date=2026-06-19; screening_confidence=high; screening_reason=Deterministic title-strict tier-0 retrieval match: anchor and all main topics matched in the title.; screening_status=deterministic_include; title_anchor_present=yes; title_relevance_tier=0; title_matched_main_topics=alzheimers_disease; artificial_intelligence; source_query=(""Alzheimer's disease"" OR Alzheimer's OR ""Alzheimer disease"" OR ""prodromal Alzheimer's disease"" OR ""preclinical Alzheimer's disease"" OR ""dementia due to Alzheimer's disease"") AND (""artificial intelligence"" OR AI OR ""machine learning"" OR ""deep learning"" OR ""neural network"" OR ""natural language processing"" OR ""computer vision"" OR ""computational intelligence""); source_query_reason=Tier 0: anchor and all main topics.; dedupe_key=doi:10.1109/access.2021.3090474; duplicate_count=1; in_fetch_duplicate_count=1; topic_main_matches=alzheimers_disease=Alzheimer disease@title|Alzheimer@title, artificial_intelligence=deep learning@title",yes,yes,
10_1016_j_cmpb_2021_106032,Alzheimer's disease detection using depthwise separable convolutional neural networks,2021,10.1016/j.cmpb.2021.106032,,Junxiu Liu; Mingxing Li; Yuling Luo; Su Yang; Wei Li; Yifei Bi,Computer Methods and Programs in Biomedicine,https://doi.org/10.1016/j.cmpb.2021.106032,collected:openalex,,verified,openalex_primary_location,https://linkinghub.elsevier.com/retrieve/pii/S0169260721001073,landing_page,2026-06-19T14:06:38.228583+00:00,text/html;charset=UTF-8,,no,,"provider=openalex; provider_id=https://openalex.org/W3134726279; source_rank=10; retrieval_date=2026-06-19; screening_confidence=high; screening_reason=Deterministic title-strict tier-0 retrieval match: anchor and all main topics matched in the title.; screening_status=deterministic_include; title_anchor_present=yes; title_relevance_tier=0; title_matched_main_topics=alzheimers_disease; artificial_intelligence; source_query=(""Alzheimer's disease"" OR Alzheimer's OR ""Alzheimer disease"" OR ""prodromal Alzheimer's disease"" OR ""preclinical Alzheimer's disease"" OR ""dementia due to Alzheimer's disease"") AND (""artificial intelligence"" OR AI OR ""machine learning"" OR ""deep learning"" OR ""neural network"" OR ""natural language processing"" OR ""computer vision"" OR ""computational intelligence""); source_query_reason=Tier 0: anchor and all main topics.; dedupe_key=doi:10.1016/j.cmpb.2021.106032; duplicate_count=1; in_fetch_duplicate_count=1; topic_main_matches=alzheimers_disease=Alzheimer disease@title|Alzheimer@title|Alzheimer's disease@title|Alzheimer's@title, artificial_intelligence=neural network@title|neural networks@title",no,yes,missing_abstract
10_1016_s2589_7500(22)00169_8,"A deep learning model for detection of Alzheimer's disease based on retinal photographs: a retrospective, multicentre case-control study",2022,10.1016/s2589-7500(22)00169-8,"BACKGROUND: There is no simple model to screen for Alzheimer's disease, partly because the diagnosis of Alzheimer's disease itself is complex-typically involving expensive and sometimes invasive tests not commonly available outside highly specialised clinical settings. We aimed to develop a deep learning algorithm that could use retinal photographs alone, which is the most common method of non-invasive imaging the retina to detect Alzheimer's disease-dementia. METHODS: In this retrospective, multicentre case-control study, we trained, validated, and tested a deep learning algorithm to detect Alzheimer's disease-dementia from retinal photographs using retrospectively collected data from 11 studies that recruited patients with Alzheimer's disease-dementia and people without disease from different countries. Our main aim was to develop a bilateral model to detect Alzheimer's disease-dementia from retinal photographs alone. We designed and internally validated the bilateral deep learning model using retinal photographs from six studies. We used the EfficientNet-b2 network as the backbone of the model to extract features from the images. Integrated features from four retinal photographs (optic nerve head-centred and macula-centred fields from both eyes) for each individual were used to develop supervised deep learning models and equip the network with unsupervised domain adaptation technique, to address dataset discrepancy between the different studies. We tested the trained model using five other studies, three of which used PET as a biomarker of significant amyloid β burden (testing the deep learning model between amyloid β positive vs amyloid β negative). FINDINGS: 12 949 retinal photographs from 648 patients with Alzheimer's disease and 3240 people without the disease were used to train, validate, and test the deep learning model. In the internal validation dataset, the deep learning model had 83·6% (SD 2·5) accuracy, 93·2% (SD 2·2) sensitivity, 82·0% (SD 3·1) specificity, and an area under the receiver operating characteristic curve (AUROC) of 0·93 (0·01) for detecting Alzheimer's disease-dementia. In the testing datasets, the bilateral deep learning model had accuracies ranging from 79·6% (SD 15·5) to 92·1% (11·4) and AUROCs ranging from 0·73 (SD 0·24) to 0·91 (0·10). In the datasets with data on PET, the model was able to differentiate between participants who were amyloid β positive and those who were amyloid β negative: accuracies ranged from 80·6 (SD 13·4%) to 89·3 (13·7%) and AUROC ranged from 0·68 (SD 0·24) to 0·86 (0·16). In subgroup analyses, the discriminative performance of the model was improved in patients with eye disease (accuracy 89·6% [SD 12·5%]) versus those without eye disease (71·7% [11·6%]) and patients with diabetes (81·9% [SD 20·3%]) versus those without the disease (72·4% [11·7%]). INTERPRETATION: A retinal photograph-based deep learning algorithm can detect Alzheimer's disease with good accuracy, showing its potential for screening Alzheimer's disease in a community setting. FUNDING: BrightFocus Foundation.",Carol Y. Cheung; An Ran Ran; Shujun Wang; Victor T.T. Chan; Kaiser Sham; Saima Hilal; Narayanaswamy Venketasubramanian; Ching‐Yu Cheng; Charumathi Sabanayagam; Yih Chung Tham; Leopold Schmetterer; Gareth J. McKay; Michael Williams; Adrian Wong; Lisa Au; Zhihui Lu; Jason C. Yam; Clement C. Tham; John J. Chen; Oana Dumitrașcu; Pheng‐Ann Heng; Timothy Kwok; Vincent Mok; Dan Miléa; Christopher Chen; Tien Yin Wong,The Lancet Digital Health,https://doi.org/10.1016/s2589-7500(22)00169-8,collected:openalex,,verified,openalex_open_access,https://linkinghub.elsevier.com/retrieve/pii/S2589750022001698,landing_page,2026-06-19T14:06:28.478894+00:00,text/html;charset=UTF-8,,yes,,"provider=openalex; provider_id=https://openalex.org/W4298127944; source_rank=11; retrieval_date=2026-06-19; screening_confidence=high; screening_reason=Deterministic title-strict tier-0 retrieval match: anchor and all main topics matched in the title.; screening_status=deterministic_include; title_anchor_present=yes; title_relevance_tier=0; title_matched_main_topics=alzheimers_disease; artificial_intelligence; source_query=(""Alzheimer's disease"" OR Alzheimer's OR ""Alzheimer disease"" OR ""prodromal Alzheimer's disease"" OR ""preclinical Alzheimer's disease"" OR ""dementia due to Alzheimer's disease"") AND (""artificial intelligence"" OR AI OR ""machine learning"" OR ""deep learning"" OR ""neural network"" OR ""natural language processing"" OR ""computer vision"" OR ""computational intelligence""); source_query_reason=Tier 0: anchor and all main topics.; dedupe_key=doi:10.1016/s2589-7500(22)00169-8; duplicate_count=1; in_fetch_duplicate_count=1; topic_main_matches=alzheimers_disease=Alzheimer disease@title|Alzheimer@title|Alzheimer's disease@title|Alzheimer's@title, artificial_intelligence=deep learning@title",yes,yes,
10_1016_j_jbi_2020_103411,Deep ensemble learning for Alzheimer's disease classification,2020,10.1016/j.jbi.2020.103411,,Ning An; Huitong Ding; Jiaoyun Yang; Rhoda Au; Ting Fang Alvin Ang,Journal of Biomedical Informatics,https://doi.org/10.1016/j.jbi.2020.103411,collected:openalex,,verified,openalex_open_access,https://pmc.ncbi.nlm.nih.gov/articles/PMC9760486/,landing_page,2026-06-19T14:06:38.318350+00:00,text/html; charset=utf-8,,yes,,"provider=openalex; provider_id=https://openalex.org/W3013699712; source_rank=12; retrieval_date=2026-06-19; screening_confidence=high; screening_reason=Candidate contains the anchor topic and both main topics.; screening_status=llm_screened; title_anchor_present=yes; title_relevance_tier=0; title_matched_main_topics=alzheimers_disease; artificial_intelligence; source_query=(""Alzheimer's disease"" OR Alzheimer's OR ""Alzheimer disease"" OR ""prodromal Alzheimer's disease"" OR ""preclinical Alzheimer's disease"" OR ""dementia due to Alzheimer's disease"") AND (""artificial intelligence"" OR AI OR ""machine learning"" OR ""deep learning"" OR ""neural network"" OR ""natural language processing"" OR ""computer vision"" OR ""computational intelligence""); source_query_reason=Tier 0: anchor and all main topics.; dedupe_key=doi:10.1016/j.jbi.2020.103411; duplicate_count=1; in_fetch_duplicate_count=1; topic_main_matches=alzheimers_disease=Alzheimer disease@title|Alzheimer@title|Alzheimer's disease@title|Alzheimer's@title",no,yes,missing_abstract
10_1093_jamia_ocac168,Multimodal Attention-based Deep Learning for Alzheimer's Disease Diagnosis,2022,10.1093/jamia/ocac168,"Alzheimer's Disease (AD) is the most common neurodegenerative disorder with one of the most complex pathogeneses, making effective and clinically actionable decision support difficult. The objective of this study was to develop a novel multimodal deep learning framework to aid medical professionals in AD diagnosis. We present a Multimodal Alzheimer's Disease Diagnosis framework (MADDi) to accurately detect the presence of AD and mild cognitive impairment (MCI) from imaging, genetic, and clinical data. MADDi is novel in that we use cross-modal attention, which captures interactions between modalities - a method not previously explored in this domain. We perform multi-class classification, a challenging task considering the strong similarities between MCI and AD. We compare with previous state-of-the-art models, evaluate the importance of attention, and examine the contribution of each modality to the model's performance. MADDi classifies MCI, AD, and controls with 96.88% accuracy on a held-out test set. When examining the contribution of different attention schemes, we found that the combination of cross-modal attention with self-attention performed the best, and no attention layers in the model performed the worst, with a 7.9% difference in F1-Scores. Our experiments underlined the importance of structured clinical data to help machine learning models contextualize and interpret the remaining modalities. Extensive ablation studies showed that any multimodal mixture of input features without access to structured clinical information suffered marked performance losses. This study demonstrates the merit of combining multiple input modalities via cross-modal attention to deliver highly accurate AD diagnostic decision support.",Michal Golovanevsky; Carsten Eickhoff; Ritambhara Singh,arXiv (Cornell University),https://doi.org/10.1093/jamia/ocac168,collected:openalex,,verified,openalex_open_access,https://arxiv.org/pdf/2206.08826,pdf,2026-06-19T14:06:28.742391+00:00,application/pdf,,yes,,"provider=openalex; provider_id=https://openalex.org/W4296800293; source_rank=13; retrieval_date=2026-06-19; screening_confidence=high; screening_reason=Deterministic title-strict tier-0 retrieval match: anchor and all main topics matched in the title.; screening_status=deterministic_include; title_anchor_present=yes; title_relevance_tier=0; title_matched_main_topics=alzheimers_disease; artificial_intelligence; source_query=(""Alzheimer's disease"" OR Alzheimer's OR ""Alzheimer disease"" OR ""prodromal Alzheimer's disease"" OR ""preclinical Alzheimer's disease"" OR ""dementia due to Alzheimer's disease"") AND (""artificial intelligence"" OR AI OR ""machine learning"" OR ""deep learning"" OR ""neural network"" OR ""natural language processing"" OR ""computer vision"" OR ""computational intelligence""); source_query_reason=Tier 0: anchor and all main topics.; dedupe_key=doi:10.1093/jamia/ocac168; duplicate_count=1; in_fetch_duplicate_count=1; topic_main_matches=alzheimers_disease=Alzheimer disease@title|Alzheimer@title|Alzheimer's disease@title|Alzheimer's@title, artificial_intelligence=deep learning@title",yes,yes,
10_1016_j_mri_2021_02_001,A 3D densely connected convolution neural network with connection-wise attention mechanism for Alzheimer's disease classification,2021,10.1016/j.mri.2021.02.001,"PURPOSE: Alzheimer's disease (AD) is a progressive and irreversible neurodegenerative disease. In recent years, machine learning methods have been widely used on analysis of neuroimage for quantitative evaluation and computer-aided diagnosis of AD or prediction on the conversion from mild cognitive impairment (MCI) to AD. In this study, we aimed to develop a new deep learning method to detect or predict AD in an efficient way. MATERIALS AND METHODS: We proposed a densely connected convolution neural network with connection-wise attention mechanism to learn the multi-level features of brain MR images for AD classification. We used the densely connected neural network to extract multi-scale features from pre-processed images, and connection-wise attention mechanism was applied to combine connections among features from different layers to hierarchically transform the MR images into more compact high-level features. Furthermore, we extended the convolution operation to 3D to capture the spatial information of MRI. The features extracted from each 3D convolution layer were integrated with features from all preceding layers with different attention, and were finally used for classification. Our method was evaluated on the baseline MRI of 968 subjects from ADNI database to discriminate (1) AD versus healthy subjects, (2) MCI converters versus healthy subjects, and (3) MCI converters versus non-converters. RESULTS: The proposed method achieved 97.35% accuracy for distinguishing AD patients from healthy control, 87.82% for MCI converters against healthy control, and 78.79% for MCI converters against non-converters. Compared with some neural networks and methods reported in recent studies, the classification performance of our proposed algorithm was among the top ranks and improved in discriminating MCI subjects who were in high risks of conversion to AD. CONCLUSIONS: Deep learning techniques provide a powerful tool to explore minute but intricate characteristics in MR images which may facilitate early diagnosis and prediction of AD.",Jie Zhang; Bowen Zheng; Ang Gao; Xin Feng; Dong Liang; Xiaojing Long,Magnetic Resonance Imaging,https://doi.org/10.1016/j.mri.2021.02.001,collected:openalex,,verified,openalex_open_access,https://linkinghub.elsevier.com/retrieve/pii/S0730725X21000138,landing_page,2026-06-19T14:06:28.822575+00:00,text/html;charset=UTF-8,,yes,,"provider=openalex; provider_id=https://openalex.org/W3131390313; source_rank=14; retrieval_date=2026-06-19; screening_confidence=high; screening_reason=Deterministic title-strict tier-0 retrieval match: anchor and all main topics matched in the title.; screening_status=deterministic_include; title_anchor_present=yes; title_relevance_tier=0; title_matched_main_topics=alzheimers_disease; artificial_intelligence; source_query=(""Alzheimer's disease"" OR Alzheimer's OR ""Alzheimer disease"" OR ""prodromal Alzheimer's disease"" OR ""preclinical Alzheimer's disease"" OR ""dementia due to Alzheimer's disease"") AND (""artificial intelligence"" OR AI OR ""machine learning"" OR ""deep learning"" OR ""neural network"" OR ""natural language processing"" OR ""computer vision"" OR ""computational intelligence""); source_query_reason=Tier 0: anchor and all main topics.; dedupe_key=doi:10.1016/j.mri.2021.02.001; duplicate_count=1; in_fetch_duplicate_count=1; topic_main_matches=alzheimers_disease=Alzheimer disease@title|Alzheimer@title|Alzheimer's disease@title|Alzheimer's@title, artificial_intelligence=neural network@title",yes,yes,
10_1016_j_neurobiolaging_2021_04_024,A machine learning approach to screen for preclinical Alzheimer's disease,2021,10.1016/j.neurobiolaging.2021.04.024,,Sinead Gaubert; Marion Houot; Federico Raimondo; Manon Ansart; Marie‐Constance Corsi; Lionel Naccache; Jacobo Sitt; Marie‐Odile Habert; Bruno Dubois; Fabrizio De Vico Fallani; Stanley Durrleman; Stéphane Epelbaum,Neurobiology of Aging,https://doi.org/10.1016/j.neurobiolaging.2021.04.024,collected:openalex,,verified,openalex_best_oa_location,https://linkinghub.elsevier.com/retrieve/pii/S0197458021001470,landing_page,2026-06-19T14:06:38.546007+00:00,text/html;charset=UTF-8,,yes,,"provider=openalex; provider_id=https://openalex.org/W3158732404; source_rank=15; retrieval_date=2026-06-19; screening_confidence=high; screening_reason=Deterministic title-strict tier-0 retrieval match: anchor and all main topics matched in the title.; screening_status=deterministic_include; title_anchor_present=yes; title_relevance_tier=0; title_matched_main_topics=alzheimers_disease; artificial_intelligence; source_query=(""Alzheimer's disease"" OR Alzheimer's OR ""Alzheimer disease"" OR ""prodromal Alzheimer's disease"" OR ""preclinical Alzheimer's disease"" OR ""dementia due to Alzheimer's disease"") AND (""artificial intelligence"" OR AI OR ""machine learning"" OR ""deep learning"" OR ""neural network"" OR ""natural language processing"" OR ""computer vision"" OR ""computational intelligence""); source_query_reason=Tier 0: anchor and all main topics.; dedupe_key=doi:10.1016/j.neurobiolaging.2021.04.024; duplicate_count=1; in_fetch_duplicate_count=1; topic_main_matches=alzheimers_disease=Alzheimer disease@title|Alzheimer@title|Alzheimer's disease@title|preclinical Alzheimer's disease@title|Alzheimer's@title, artificial_intelligence=machine learning@title",no,yes,missing_abstract
10_1111_jon_13063,"Functional magnetic resonance imaging, deep learning, and Alzheimer's disease: A systematic review",2022,10.1111/jon.13063,"Alzheimer's disease (AD) is currently diagnosed using a mixture of psychological tests and clinical observations. However, these diagnoses are not perfect, and additional diagnostic tools (e.g., MRI) can help improve our understanding of AD as well as our ability to detect the disease. Accordingly, a large amount of research has been invested into innovative diagnostic methods for AD. Functional MRI (fMRI) is a form of neuroimaging technology that has been used to diagnose AD; however, fMRI is incredibly noisy, complex, and thus lacks clinical use. Nonetheless, recent innovations in deep learning technology could enable the simplified and streamlined analysis of fMRI. Deep learning is a form of artificial intelligence that uses computer algorithms based on human neural networks to solve complex problems. For example, in fMRI research, deep learning models can automatically denoise images and classify AD by detecting patterns in participants' brain scans. In this systematic review, we investigate how fMRI (specifically resting-state fMRI) and deep learning methods are used to diagnose AD. In turn, we outline the common deep neural network, preprocessing, and classification methods used in the literature. We also discuss the accuracy, strengths, limitations, and future direction of fMRI deep learning methods. In turn, we aim to summarize the current field for new researchers, suggest specific areas for future research, and highlight the potential of fMRI to aid AD diagnoses.",Samuel L. Warren; Ahmed A. Moustafa,Journal of Neuroimaging,https://doi.org/10.1111/jon.13063,collected:openalex,,verified,openalex_open_access,https://onlinelibrary.wiley.com/action/cookieAbsent,pdf,2026-06-19T14:06:28.822891+00:00,text/html;charset=UTF-8,,yes,,"provider=openalex; provider_id=https://openalex.org/W4306742555; source_rank=16; retrieval_date=2026-06-19; screening_confidence=high; screening_reason=Deterministic title-strict tier-0 retrieval match: anchor and all main topics matched in the title.; screening_status=deterministic_include; title_anchor_present=yes; title_relevance_tier=0; title_matched_main_topics=alzheimers_disease; artificial_intelligence; source_query=(""Alzheimer's disease"" OR Alzheimer's OR ""Alzheimer disease"" OR ""prodromal Alzheimer's disease"" OR ""preclinical Alzheimer's disease"" OR ""dementia due to Alzheimer's disease"") AND (""artificial intelligence"" OR AI OR ""machine learning"" OR ""deep learning"" OR ""neural network"" OR ""natural language processing"" OR ""computer vision"" OR ""computational intelligence""); source_query_reason=Tier 0: anchor and all main topics.; dedupe_key=doi:10.1111/jon.13063; duplicate_count=1; in_fetch_duplicate_count=1; topic_main_matches=alzheimers_disease=Alzheimer disease@title|Alzheimer@title|Alzheimer's disease@title|Alzheimer's@title, artificial_intelligence=deep learning@title",yes,yes,
10_3390_brainsci10020084,A Deep Siamese Convolution Neural Network for Multi-Class Classification of Alzheimer Disease,2020,10.3390/brainsci10020084,"Alzheimer's disease (AD) may cause damage to the memory cells permanently, which results in the form of dementia. The diagnosis of Alzheimer's disease at an early stage is a problematic task for researchers. For this, machine learning and deep convolutional neural network (CNN) based approaches are readily available to solve various problems related to brain image data analysis. In clinical research, magnetic resonance imaging (MRI) is used to diagnose AD. For accurate classification of dementia stages, we need highly discriminative features obtained from MRI images. Recently advanced deep CNN-based models successfully proved their accuracy. However, due to a smaller number of image samples available in the datasets, there exist problems of over-fitting hindering the performance of deep learning approaches. In this research, we developed a Siamese convolutional neural network (SCNN) model inspired by VGG-16 (also called Oxford Net) to classify dementia stages. In our approach, we extend the insufficient and imbalanced data by using augmentation approaches. Experiments are performed on a publicly available dataset open access series of imaging studies (OASIS), by using the proposed approach, an excellent test accuracy of 99.05% is achieved for the classification of dementia stages. We compared our model with the state-of-the-art models and discovered that the proposed model outperformed the state-of-the-art models in terms of performance, efficiency, and accuracy.",Atif Mehmood; Muazzam Maqsood; Muzaffar Bashir; Yang Shuyuan,Brain Sciences,https://doi.org/10.3390/brainsci10020084,collected:openalex,,verified,openalex_location,https://pubmed.ncbi.nlm.nih.gov/32033462/,landing_page,2026-06-19T14:06:29.547778+00:00,text/html; charset=utf-8,,no,,"provider=openalex; provider_id=https://openalex.org/W3005273529; source_rank=17; retrieval_date=2026-06-19; screening_confidence=high; screening_reason=Deterministic title-strict tier-0 retrieval match: anchor and all main topics matched in the title.; screening_status=deterministic_include; title_anchor_present=yes; title_relevance_tier=0; title_matched_main_topics=alzheimers_disease; artificial_intelligence; source_query=(""Alzheimer's disease"" OR Alzheimer's OR ""Alzheimer disease"" OR ""prodromal Alzheimer's disease"" OR ""preclinical Alzheimer's disease"" OR ""dementia due to Alzheimer's disease"") AND (""artificial intelligence"" OR AI OR ""machine learning"" OR ""deep learning"" OR ""neural network"" OR ""natural language processing"" OR ""computer vision"" OR ""computational intelligence""); source_query_reason=Tier 0: anchor and all main topics.; dedupe_key=doi:10.3390/brainsci10020084; duplicate_count=1; in_fetch_duplicate_count=1; topic_main_matches=alzheimers_disease=Alzheimer disease@title|Alzheimer@title, artificial_intelligence=neural network@title",yes,yes,
10_1016_j_measen_2022_100506,A deep learning based convolutional neural network model with VGG16 feature extractor for the detection of Alzheimer Disease using MRI scans,2022,10.1016/j.measen.2022.100506,"Alzheimer's disease (AD) is one of the most prevalent types of dementia, which primarily affects people over age 60. In clinical practice, it is a challenging task to identify AD in its early stages, and there are currently very few reliable diagnostic systems available for the identification. Additionally, clinical studies for AD medications have a high risk of failure, and currently, there is no confirmed cure. There are various stages of AD: very mild demented, mild, and moderate. It is challenging to identify these stages, due to which the very mild demented case worsens and results in a complete health loss along with weak memory and makes it unable to perform daily tasks without the assistance of others. Early identification of mild cases can help patients to guide additional medical care to stop the disease's progression and avoid brain damage. Recently, there has been a substantial amount of interest in applying deep learning (DL) for early AD recognition. The limitations of these algorithms are that they cannot detect changes in the brain networks in patients with mild demented functional working brain networks. However, to stop AD growth, various scientists and researchers are striving to build methods for early identification by using MRI images. In this article, for early diagnoses of AD, two MRI datasets containing 6400 and 6330 images have been used, and the DL algorithm is utilized by applying a neural network classifier with a VGG16 feature extractor for the early diagnosis of AD, which results in the outcome in the form of accuracy, precision, recall, AUC and F1-score as (90.4%, 0.905, 0.904, 0.969, and 0.904), and (71.1%, 0.71, 0.711, 0.85, and 0.71) for dataset 1 and dataset 2, respectively. Furthermore, the results are compared with previous studies, which concluded the proposed model performs better. Lastly, this article is applicable to identify various machine learning (ML) and DL approaches that can be utilized to study AD stage identification.",Shagun Sharma; Kalpna Guleria; Sunita Tiwari; Sushil Kumar,Measurement Sensors,https://doi.org/10.1016/j.measen.2022.100506,collected:openalex,,verified,openalex_open_access,https://linkinghub.elsevier.com/retrieve/pii/S2665917422001404,landing_page,2026-06-19T14:06:28.939503+00:00,text/html;charset=UTF-8,,yes,,"provider=openalex; provider_id=https://openalex.org/W4302028668; source_rank=18; retrieval_date=2026-06-19; screening_confidence=high; screening_reason=Deterministic title-strict tier-0 retrieval match: anchor and all main topics matched in the title.; screening_status=deterministic_include; title_anchor_present=yes; title_relevance_tier=0; title_matched_main_topics=alzheimers_disease; artificial_intelligence; source_query=(""Alzheimer's disease"" OR Alzheimer's OR ""Alzheimer disease"" OR ""prodromal Alzheimer's disease"" OR ""preclinical Alzheimer's disease"" OR ""dementia due to Alzheimer's disease"") AND (""artificial intelligence"" OR AI OR ""machine learning"" OR ""deep learning"" OR ""neural network"" OR ""natural language processing"" OR ""computer vision"" OR ""computational intelligence""); source_query_reason=Tier 0: anchor and all main topics.; dedupe_key=doi:10.1016/j.measen.2022.100506; duplicate_count=1; in_fetch_duplicate_count=1; topic_main_matches=alzheimers_disease=Alzheimer disease@title|Alzheimer@title, artificial_intelligence=deep learning@title|neural network@title",yes,yes,
10_1186_s41983_022_00571_w,Early prediction of Alzheimer's disease using convolutional neural network: a review,2022,10.1186/s41983-022-00571-w,"Abstract In this paper, a comprehensive review on Alzheimer's disease (AD) is carried out, and an exploration of the two machine learning (ML) methods that help to identify the disease in its initial stages. Alzheimer's disease is a neurocognitive disorder occurring in people in their early onset. This disease causes the person to suffer from memory loss, unusual behavior, and language problems. Early detection is essential for developing more advanced treatments for AD. Machine learning (ML), a subfield of Artificial Intelligence (AI), uses various probabilistic and optimization techniques to help computers learn from huge and complicated data sets. To diagnose AD in its early stages, researchers generally use machine learning. The survey provides a broad overview of current research in this field and analyses the classification methods used by researchers working with ADNI data sets. It discusses essential research topics such as the data sets used, the evaluation measures employed, and the machine learning methods used. Our presentation suggests a model that helps better understand current work and highlights the challenges and opportunities for innovative and useful research. The study shows which machine learning method holds best for the ADNI data set. Therefore, the focus is given to two methods: the 18-layer convolutional network and the 3D convolutional network. Hence, CNNs with multi-layered fetch more accurate results as compared to 3D CNN. The work also contributes to the use of the ADNI data set, where the classification of training and testing samples is divided with such a number that brings the highest accuracy achieved with 18-layer CNN. The work concentrates on the early prediction of Alzheimer's disease with machine learning methods. Thus, the accuracy achieved is 98% for 18-layer CNN.",Vijeeta Patil; Manohar Madgi; Ajmeera Kiran,The Egyptian Journal of Neurology Psychiatry and Neurosurgery,https://doi.org/10.1186/s41983-022-00571-w,collected:openalex,,verified,openalex_open_access,https://link.springer.com/content/pdf/10.1186/s41983-022-00571-w.pdf?error=cookies_not_supported&code=03eec428-fceb-4f50-b920-a298c7466d75,pdf,2026-06-19T14:06:28.943483+00:00,application/pdf,,yes,,"provider=openalex; provider_id=https://openalex.org/W4309179914; source_rank=19; retrieval_date=2026-06-19; screening_confidence=high; screening_reason=Deterministic title-strict tier-0 retrieval match: anchor and all main topics matched in the title.; screening_status=deterministic_include; title_anchor_present=yes; title_relevance_tier=0; title_matched_main_topics=alzheimers_disease; artificial_intelligence; source_query=(""Alzheimer's disease"" OR Alzheimer's OR ""Alzheimer disease"" OR ""prodromal Alzheimer's disease"" OR ""preclinical Alzheimer's disease"" OR ""dementia due to Alzheimer's disease"") AND (""artificial intelligence"" OR AI OR ""machine learning"" OR ""deep learning"" OR ""neural network"" OR ""natural language processing"" OR ""computer vision"" OR ""computational intelligence""); source_query_reason=Tier 0: anchor and all main topics.; dedupe_key=doi:10.1186/s41983-022-00571-w; duplicate_count=1; in_fetch_duplicate_count=1; topic_main_matches=alzheimers_disease=Alzheimer disease@title|Alzheimer@title|Alzheimer's disease@title|Alzheimer's@title, artificial_intelligence=neural network@title",yes,yes,
10_1016_j_compbiomed_2021_105032,Deep learning based pipelines for Alzheimer's disease diagnosis: A comparative study and a novel deep-ensemble method,2021,10.1016/j.compbiomed.2021.105032,,Andrea Loddo; Sara Buttau; Cecilia Di Ruberto,Computers in Biology and Medicine,https://doi.org/10.1016/j.compbiomed.2021.105032,collected:openalex,,verified,openalex_open_access,https://iris.unica.it/handle/11584/323675,landing_page,2026-06-19T14:06:38.474401+00:00,text/html;charset=utf-8,,yes,,"provider=openalex; provider_id=https://openalex.org/W3216798277; source_rank=20; retrieval_date=2026-06-19; screening_confidence=high; screening_reason=Deterministic title-strict tier-0 retrieval match: anchor and all main topics matched in the title.; screening_status=deterministic_include; title_anchor_present=yes; title_relevance_tier=0; title_matched_main_topics=alzheimers_disease; artificial_intelligence; source_query=(""Alzheimer's disease"" OR Alzheimer's OR ""Alzheimer disease"" OR ""prodromal Alzheimer's disease"" OR ""preclinical Alzheimer's disease"" OR ""dementia due to Alzheimer's disease"") AND (""artificial intelligence"" OR AI OR ""machine learning"" OR ""deep learning"" OR ""neural network"" OR ""natural language processing"" OR ""computer vision"" OR ""computational intelligence""); source_query_reason=Tier 0: anchor and all main topics.; dedupe_key=doi:10.1016/j.compbiomed.2021.105032; duplicate_count=1; in_fetch_duplicate_count=1; topic_main_matches=alzheimers_disease=Alzheimer disease@title|Alzheimer@title|Alzheimer's disease@title|Alzheimer's@title, artificial_intelligence=deep learning@title",no,yes,missing_abstract
10_1038_s41598_020_80312_2,Modular machine learning for Alzheimer's disease classification from retinal vasculature,2021,10.1038/s41598-020-80312-2,"Alzheimer's disease is the leading cause of dementia. The long progression period in Alzheimer's disease provides a possibility for patients to get early treatment by having routine screenings. However, current clinical diagnostic imaging tools do not meet the specific requirements for screening procedures due to high cost and limited availability. In this work, we took the initiative to evaluate the retina, especially the retinal vasculature, as an alternative for conducting screenings for dementia patients caused by Alzheimer's disease. Highly modular machine learning techniques were employed throughout the whole pipeline. Utilizing data from the UK Biobank, the pipeline achieved an average classification accuracy of 82.44%. Besides the high classification accuracy, we also added a saliency analysis to strengthen this pipeline's interpretability. The saliency analysis indicated that within retinal images, small vessels carry more information for diagnosing Alzheimer's diseases, which aligns with related studies.",Jianqiao Tian; Glenn E. Smith; Han Guo; Boya Liu; Zehua Pan; Zijie Wang; Shuangyu Xiong; Ruogu Fang,Scientific Reports,https://doi.org/10.1038/s41598-020-80312-2,collected:openalex,,verified,openalex_open_access,https://www.nature.com/articles/s41598-020-80312-2.pdf?error=cookies_not_supported&code=143469ce-3134-46e7-886e-297d4b7e9038,pdf,2026-06-19T14:06:29.010560+00:00,application/pdf,,yes,,"provider=openalex; provider_id=https://openalex.org/W3120564489; source_rank=21; retrieval_date=2026-06-19; screening_confidence=high; screening_reason=Deterministic title-strict tier-0 retrieval match: anchor and all main topics matched in the title.; screening_status=deterministic_include; title_anchor_present=yes; title_relevance_tier=0; title_matched_main_topics=alzheimers_disease; artificial_intelligence; source_query=(""Alzheimer's disease"" OR Alzheimer's OR ""Alzheimer disease"" OR ""prodromal Alzheimer's disease"" OR ""preclinical Alzheimer's disease"" OR ""dementia due to Alzheimer's disease"") AND (""artificial intelligence"" OR AI OR ""machine learning"" OR ""deep learning"" OR ""neural network"" OR ""natural language processing"" OR ""computer vision"" OR ""computational intelligence""); source_query_reason=Tier 0: anchor and all main topics.; dedupe_key=doi:10.1038/s41598-020-80312-2; duplicate_count=1; in_fetch_duplicate_count=1; topic_main_matches=alzheimers_disease=Alzheimer disease@title|Alzheimer@title|Alzheimer's disease@title|Alzheimer's@title, artificial_intelligence=machine learning@title",yes,yes,
10_1016_j_ejrad_2023_110934,Artificial intelligence-based diagnosis of Alzheimer's disease with brain MRI images,2023,10.1016/j.ejrad.2023.110934,,Zhaomin Yao; Hongyu Wang; W. C. Yan; Z Q Wang; Wenwen Zhang; Zhiguo Wang; Guoxu Zhang,European Journal of Radiology,https://doi.org/10.1016/j.ejrad.2023.110934,collected:openalex,,verified,openalex_best_oa_location,https://linkinghub.elsevier.com/retrieve/pii/S0720048X23002486,landing_page,2026-06-19T14:06:42.888512+00:00,text/html;charset=UTF-8,,yes,,"provider=openalex; provider_id=https://openalex.org/W4381384569; source_rank=22; retrieval_date=2026-06-19; screening_confidence=high; screening_reason=Deterministic title-strict tier-0 retrieval match: anchor and all main topics matched in the title.; screening_status=deterministic_include; title_anchor_present=yes; title_relevance_tier=0; title_matched_main_topics=alzheimers_disease; artificial_intelligence; source_query=(""Alzheimer's disease"" OR Alzheimer's OR ""Alzheimer disease"" OR ""prodromal Alzheimer's disease"" OR ""preclinical Alzheimer's disease"" OR ""dementia due to Alzheimer's disease"") AND (""artificial intelligence"" OR AI OR ""machine learning"" OR ""deep learning"" OR ""neural network"" OR ""natural language processing"" OR ""computer vision"" OR ""computational intelligence""); source_query_reason=Tier 0: anchor and all main topics.; dedupe_key=doi:10.1016/j.ejrad.2023.110934; duplicate_count=1; in_fetch_duplicate_count=1; topic_main_matches=alzheimers_disease=Alzheimer disease@title|Alzheimer@title|Alzheimer's disease@title|Alzheimer's@title, artificial_intelligence=artificial intelligence@title",no,yes,missing_abstract
10_1016_j_compbiomed_2022_105634,Early diagnosis of Alzheimer's disease based on deep learning: A systematic review,2022,10.1016/j.compbiomed.2022.105634,,Sina Fathi; Maryam Ahmadi; Afsaneh Dehnad,Computers in Biology and Medicine,https://doi.org/10.1016/j.compbiomed.2022.105634,collected:openalex,,verified,openalex_primary_location,https://linkinghub.elsevier.com/retrieve/pii/S0010482522004267,landing_page,2026-06-19T14:06:38.814310+00:00,text/html;charset=UTF-8,,no,,"provider=openalex; provider_id=https://openalex.org/W4280512342; source_rank=23; retrieval_date=2026-06-19; screening_confidence=high; screening_reason=Deterministic title-strict tier-0 retrieval match: anchor and all main topics matched in the title.; screening_status=deterministic_include; title_anchor_present=yes; title_relevance_tier=0; title_matched_main_topics=alzheimers_disease; artificial_intelligence; source_query=(""Alzheimer's disease"" OR Alzheimer's OR ""Alzheimer disease"" OR ""prodromal Alzheimer's disease"" OR ""preclinical Alzheimer's disease"" OR ""dementia due to Alzheimer's disease"") AND (""artificial intelligence"" OR AI OR ""machine learning"" OR ""deep learning"" OR ""neural network"" OR ""natural language processing"" OR ""computer vision"" OR ""computational intelligence""); source_query_reason=Tier 0: anchor and all main topics.; dedupe_key=doi:10.1016/j.compbiomed.2022.105634; duplicate_count=1; in_fetch_duplicate_count=1; topic_main_matches=alzheimers_disease=Alzheimer disease@title|Alzheimer@title|Alzheimer's disease@title|Alzheimer's@title, artificial_intelligence=deep learning@title",no,yes,missing_abstract
10_1038_s41598_020_79243_9,Identification of Alzheimer's disease using a convolutional neural network model based on T1-weighted magnetic resonance imaging,2020,10.1038/s41598-020-79243-9,"The classification of Alzheimer's disease (AD) using deep learning methods has shown promising results, but successful application in clinical settings requires a combination of high accuracy, short processing time, and generalizability to various populations. In this study, we developed a convolutional neural network (CNN)-based AD classification algorithm using magnetic resonance imaging (MRI) scans from AD patients and age/gender-matched cognitively normal controls from two populations that differ in ethnicity and education level. These populations come from the Seoul National University Bundang Hospital (SNUBH) and Alzheimer's Disease Neuroimaging Initiative (ADNI). For each population, we trained CNNs on five subsets using coronal slices of T1-weighted images that cover the medial temporal lobe. We evaluated the models on validation subsets from both the same population (within-dataset validation) and other population (between-dataset validation). Our models achieved average areas under the curves of 0.91-0.94 for within-dataset validation and 0.88-0.89 for between-dataset validation. The mean processing time per person was 23-24 s. The within-dataset and between-dataset performances were comparable between the ADNI-derived and SNUBH-derived models. These results demonstrate the generalizability of our models to different patients with different ethnicities and education levels, as well as their potential for deployment as fast and accurate diagnostic support tools for AD.",Jong Bin Bae; Subin Lee; Wonmo Jung; Sejin Park; Weonjin Kim; Hyunwoo Oh; Ji Won Han; Grace Eun Kim; Jun Sung Kim; Jae Hyoung Kim; Ki Woong Kim,Scientific Reports,https://doi.org/10.1038/s41598-020-79243-9,collected:openalex,,verified,openalex_open_access,https://www.nature.com/articles/s41598-020-79243-9.pdf?error=cookies_not_supported&code=cab8a1ee-cdb5-447c-b28e-67ae99251806,pdf,2026-06-19T14:06:29.064106+00:00,application/pdf,,yes,,"provider=openalex; provider_id=https://openalex.org/W3110796009; source_rank=24; retrieval_date=2026-06-19; screening_confidence=high; screening_reason=Deterministic title-strict tier-0 retrieval match: anchor and all main topics matched in the title.; screening_status=deterministic_include; title_anchor_present=yes; title_relevance_tier=0; title_matched_main_topics=alzheimers_disease; artificial_intelligence; source_query=(""Alzheimer's disease"" OR Alzheimer's OR ""Alzheimer disease"" OR ""prodromal Alzheimer's disease"" OR ""preclinical Alzheimer's disease"" OR ""dementia due to Alzheimer's disease"") AND (""artificial intelligence"" OR AI OR ""machine learning"" OR ""deep learning"" OR ""neural network"" OR ""natural language processing"" OR ""computer vision"" OR ""computational intelligence""); source_query_reason=Tier 0: anchor and all main topics.; dedupe_key=doi:10.1038/s41598-020-79243-9; duplicate_count=1; in_fetch_duplicate_count=1; topic_main_matches=alzheimers_disease=Alzheimer disease@title|Alzheimer@title|Alzheimer's disease@title|Alzheimer's@title, artificial_intelligence=neural network@title",yes,yes,
10_1016_j_ijcce_2021_12_002,A review of the application of deep learning in the detection of Alzheimer's disease,2021,10.1016/j.ijcce.2021.12.002,"Alzheimer's disease (AD) is the most common chronic disease in the elderly, with a high incidence rate. In recent years, deep learning has become popular in the field of medical image and has achieved great success. It has become the preferred method of analyzing medical images, and it has also attracted a high degree of attention in AD detection. Compared with general machine learning technology, the deep model is more accurate and efficient for AD detection. This paper This paper introduces ad related biomarkers and feature extraction methods, reviews the application of deep learning methods in AD detection, analyzes and summarizes AD detection methods and models. The results show that deep learning technology shows good performance in AD detection.",Shuangshuang Gao; Dimas Lima,International Journal of Cognitive Computing in Engineering,https://doi.org/10.1016/j.ijcce.2021.12.002,collected:openalex,,verified,openalex_open_access,https://linkinghub.elsevier.com/retrieve/pii/S2666307421000280,landing_page,2026-06-19T14:06:29.137359+00:00,text/html;charset=UTF-8,,yes,,"provider=openalex; provider_id=https://openalex.org/W4200576184; source_rank=25; retrieval_date=2026-06-19; screening_confidence=high; screening_reason=Deterministic title-strict tier-0 retrieval match: anchor and all main topics matched in the title.; screening_status=deterministic_include; title_anchor_present=yes; title_relevance_tier=0; title_matched_main_topics=alzheimers_disease; artificial_intelligence; source_query=(""Alzheimer's disease"" OR Alzheimer's OR ""Alzheimer disease"" OR ""prodromal Alzheimer's disease"" OR ""preclinical Alzheimer's disease"" OR ""dementia due to Alzheimer's disease"") AND (""artificial intelligence"" OR AI OR ""machine learning"" OR ""deep learning"" OR ""neural network"" OR ""natural language processing"" OR ""computer vision"" OR ""computational intelligence""); source_query_reason=Tier 0: anchor and all main topics.; dedupe_key=doi:10.1016/j.ijcce.2021.12.002; duplicate_count=1; in_fetch_duplicate_count=1; topic_main_matches=alzheimers_disease=Alzheimer disease@title|Alzheimer@title|Alzheimer's disease@title|Alzheimer's@title, artificial_intelligence=deep learning@title",yes,yes,
10_1016_j_neucom_2020_01_053,Detecting Alzheimer's disease Based on 4D fMRI: An exploration under deep learning framework,2020,10.1016/j.neucom.2020.01.053,,Wei Li; Xuefeng Lin; Xi Chen,Neurocomputing,https://doi.org/10.1016/j.neucom.2020.01.053,collected:openalex,,verified,openalex_primary_location,https://linkinghub.elsevier.com/retrieve/pii/S0925231220301041,landing_page,2026-06-19T14:06:38.845685+00:00,text/html;charset=UTF-8,,no,,"provider=openalex; provider_id=https://openalex.org/W3001525933; source_rank=26; retrieval_date=2026-06-19; screening_confidence=high; screening_reason=Deterministic title-strict tier-0 retrieval match: anchor and all main topics matched in the title.; screening_status=deterministic_include; title_anchor_present=yes; title_relevance_tier=0; title_matched_main_topics=alzheimers_disease; artificial_intelligence; source_query=(""Alzheimer's disease"" OR Alzheimer's OR ""Alzheimer disease"" OR ""prodromal Alzheimer's disease"" OR ""preclinical Alzheimer's disease"" OR ""dementia due to Alzheimer's disease"") AND (""artificial intelligence"" OR AI OR ""machine learning"" OR ""deep learning"" OR ""neural network"" OR ""natural language processing"" OR ""computer vision"" OR ""computational intelligence""); source_query_reason=Tier 0: anchor and all main topics.; dedupe_key=doi:10.1016/j.neucom.2020.01.053; duplicate_count=1; in_fetch_duplicate_count=1; topic_main_matches=alzheimers_disease=Alzheimer disease@title|Alzheimer@title|Alzheimer's disease@title|Alzheimer's@title, artificial_intelligence=deep learning@title",no,yes,missing_abstract
10_1016_j_nicl_2021_102712,Cross-cohort generalizability of deep and conventional machine learning for MRI-based diagnosis and prediction of Alzheimer's disease,2021,10.1016/j.nicl.2021.102712,"This work validates the generalizability of MRI-based classification of Alzheimer's disease (AD) patients and controls (CN) to an external data set and to the task of prediction of conversion to AD in individuals with mild cognitive impairment (MCI). We used a conventional support vector machine (SVM) and a deep convolutional neural network (CNN) approach based on structural MRI scans that underwent either minimal pre-processing or more extensive pre-processing into modulated gray matter (GM) maps. Classifiers were optimized and evaluated using cross-validation in the Alzheimer's Disease Neuroimaging Initiative (ADNI; 334 AD, 520 CN). Trained classifiers were subsequently applied to predict conversion to AD in ADNI MCI patients (231 converters, 628 non-converters) and in the independent Health-RI Parelsnoer Neurodegenerative Diseases Biobank data set. From this multi-center study representing a tertiary memory clinic population, we included 199 AD patients, 139 participants with subjective cognitive decline, 48 MCI patients converting to dementia, and 91 MCI patients who did not convert to dementia. AD-CN classification based on modulated GM maps resulted in a similar area-under-the-curve (AUC) for SVM (0.940; 95%CI: 0.924–0.955) and CNN (0.933; 95%CI: 0.918–0.948). Application to conversion prediction in MCI yielded significantly higher performance for SVM (AUC = 0.756; 95%CI: 0.720-0.788) than for CNN (AUC = 0.742; 95%CI: 0.709-0.776) (p&lt;0.01 for McNemar's test). In external validation, performance was slightly decreased. For AD-CN, it again gave similar AUCs for SVM (0.896; 95%CI: 0.855–0.932) and CNN (0.876; 95%CI: 0.836–0.913). For prediction in MCI, performances decreased for both SVM (AUC = 0.665; 95%CI: 0.576-0.760) and CNN (AUC = 0.702; 95%CI: 0.624-0.786). Both with SVM and CNN, classification based on modulated GM maps significantly outperformed classification based on minimally processed images (p=0.01). Deep and conventional classifiers performed equally well for AD classification and their performance decreased only slightly when applied to the external cohort. We expect that this work on external validation contributes towards translation of machine learning to clinical practice.",for the Alzheimer's Disease Neuroimaging Initiative,EUR Research Repository (Erasmus University Rotterdam),https://doi.org/10.1016/j.nicl.2021.102712,collected:openalex,,verified,openalex_open_access,https://pure.eur.nl/en/publications/cross-cohort-generalizability-of-deep-and-conventional-machine-le/,landing_page,2026-06-19T14:06:29.409802+00:00,text/html;charset=UTF-8,,yes,,"provider=openalex; provider_id=https://openalex.org/W3167864582; source_rank=27; retrieval_date=2026-06-19; screening_confidence=high; screening_reason=Deterministic title-strict tier-0 retrieval match: anchor and all main topics matched in the title.; screening_status=deterministic_include; title_anchor_present=yes; title_relevance_tier=0; title_matched_main_topics=alzheimers_disease; artificial_intelligence; source_query=(""Alzheimer's disease"" OR Alzheimer's OR ""Alzheimer disease"" OR ""prodromal Alzheimer's disease"" OR ""preclinical Alzheimer's disease"" OR ""dementia due to Alzheimer's disease"") AND (""artificial intelligence"" OR AI OR ""machine learning"" OR ""deep learning"" OR ""neural network"" OR ""natural language processing"" OR ""computer vision"" OR ""computational intelligence""); source_query_reason=Tier 0: anchor and all main topics.; dedupe_key=doi:10.1016/j.nicl.2021.102712; duplicate_count=1; in_fetch_duplicate_count=1; topic_main_matches=alzheimers_disease=Alzheimer disease@title|Alzheimer@title|Alzheimer's disease@title|Alzheimer's@title, artificial_intelligence=machine learning@title",yes,yes,
10_1002_alz_12032,Predicting sporadic Alzheimer's disease progression via inherited Alzheimer's disease‐informed machine‐learning,2020,10.1002/alz.12032,"INTRODUCTION: Developing cross-validated multi-biomarker models for the prediction of the rate of cognitive decline in Alzheimer's disease (AD) is a critical yet unmet clinical challenge. METHODS: We applied support vector regression to AD biomarkers derived from cerebrospinal fluid, structural magnetic resonance imaging (MRI), amyloid-PET and fluorodeoxyglucose positron-emission tomography (FDG-PET) to predict rates of cognitive decline. Prediction models were trained in autosomal-dominant Alzheimer's disease (ADAD, n = 121) and subsequently cross-validated in sporadic prodromal AD (n = 216). The sample size needed to detect treatment effects when using model-based risk enrichment was estimated. RESULTS: = 25%) in sporadic AD. Model-based risk-enrichment reduced the sample size required for detecting simulated intervention effects by 50%-75%. DISCUSSION: Our independently validated machine-learning model predicted cognitive decline in sporadic prodromal AD and may substantially reduce sample size needed in clinical trials in AD.",Nicolai Franzmeier; Nikolaos Koutsouleris; Tammie L.S. Benzinger; Alison Goate; Celeste M. Karch; Anne M. Fagan; Eric McDade; Marco Duering; Martin Dichgans; Johannes Levin; Brian A. Gordon; Yen Ying Lim; Colin L. Masters; Martin N. Rossor; Nick C. Fox; Antoinette O’Connor; Jasmeer P. Chhatwal; Stephen Salloway; Adrian Danek; Jason Hassenstab; Peter R. Schofield; John C. Morris; Randall J. Bateman; the Alzheimer's disease neuroimaging initiative (ADNI); the Dominantly Inherited Alzheimer Network (DIAN); Michael Ewers,Alzheimer s & Dementia,https://doi.org/10.1002/alz.12032,collected:openalex,,verified,openalex_best_oa_location,https://alz-journals.onlinelibrary.wiley.com/action/cookieAbsent,landing_page,2026-06-19T14:06:30.831368+00:00,text/html;charset=UTF-8,cc-by-nc,yes,,"provider=openalex; provider_id=https://openalex.org/W3005937372; source_rank=28; retrieval_date=2026-06-19; screening_confidence=high; screening_reason=Deterministic title-strict tier-0 retrieval match: anchor and all main topics matched in the title.; screening_status=deterministic_include; title_anchor_present=yes; title_relevance_tier=0; title_matched_main_topics=alzheimers_disease; artificial_intelligence; source_query=(""Alzheimer's disease"" OR Alzheimer's OR ""Alzheimer disease"" OR ""prodromal Alzheimer's disease"" OR ""preclinical Alzheimer's disease"" OR ""dementia due to Alzheimer's disease"") AND (""artificial intelligence"" OR AI OR ""machine learning"" OR ""deep learning"" OR ""neural network"" OR ""natural language processing"" OR ""computer vision"" OR ""computational intelligence""); source_query_reason=Tier 0: anchor and all main topics.; dedupe_key=doi:10.1002/alz.12032; duplicate_count=1; in_fetch_duplicate_count=1; topic_main_matches=alzheimers_disease=Alzheimer disease@title|Alzheimer@title|Alzheimer's disease@title|Alzheimer's@title, artificial_intelligence=machine learning@title",yes,yes,
10_1016_j_compbiomed_2021_105056,A deep learning framework with an embedded-based feature selection approach for the early detection of the Alzheimer's disease,2021,10.1016/j.compbiomed.2021.105056,,Nivedhitha Mahendran; P. M. Durai Raj Vincent,Computers in Biology and Medicine,https://doi.org/10.1016/j.compbiomed.2021.105056,collected:openalex,,verified,openalex_primary_location,https://linkinghub.elsevier.com/retrieve/pii/S0010482521008507,landing_page,2026-06-19T14:06:38.881943+00:00,text/html;charset=UTF-8,,no,,"provider=openalex; provider_id=https://openalex.org/W3216778633; source_rank=29; retrieval_date=2026-06-19; screening_confidence=high; screening_reason=Deterministic title-strict tier-0 retrieval match: anchor and all main topics matched in the title.; screening_status=deterministic_include; title_anchor_present=yes; title_relevance_tier=0; title_matched_main_topics=alzheimers_disease; artificial_intelligence; source_query=(""Alzheimer's disease"" OR Alzheimer's OR ""Alzheimer disease"" OR ""prodromal Alzheimer's disease"" OR ""preclinical Alzheimer's disease"" OR ""dementia due to Alzheimer's disease"") AND (""artificial intelligence"" OR AI OR ""machine learning"" OR ""deep learning"" OR ""neural network"" OR ""natural language processing"" OR ""computer vision"" OR ""computational intelligence""); source_query_reason=Tier 0: anchor and all main topics.; dedupe_key=doi:10.1016/j.compbiomed.2021.105056; duplicate_count=1; in_fetch_duplicate_count=1; topic_main_matches=alzheimers_disease=Alzheimer disease@title|Alzheimer@title|Alzheimer's disease@title|Alzheimer's@title, artificial_intelligence=deep learning@title",no,yes,missing_abstract
10_1016_j_sbi_2024_102776,Artificial intelligence for drug discovery and development in Alzheimer's disease,2024,10.1016/j.sbi.2024.102776,"The complex molecular mechanism and pathophysiology of Alzheimer's disease (AD) limits the development of effective therapeutics or prevention strategies. Artificial Intelligence (AI)-guided drug discovery combined with genetics/multi-omics (genomics, epigenomics, transcriptomics, proteomics, and metabolomics) analysis contributes to the understanding of the pathophysiology and precision medicine of the disease, including AD and AD-related dementia. In this review, we summarize the AI-driven methodologies for AD-agnostic drug discovery and development, including de novo drug design, virtual screening, and prediction of drug-target interactions, all of which have shown potentials. In particular, AI-based drug repurposing emerges as a compelling strategy to identify new indications for existing drugs for AD. We provide several emerging AD targets from human genetics and multi-omics findings and highlight recent AI-based technologies and their applications in drug discovery using AD as a prototypical example. In closing, we discuss future challenges and directions in AI-based drug discovery for AD and other neurodegenerative diseases.",Yunguang Qiu; Feixiong Cheng,Current Opinion in Structural Biology,https://doi.org/10.1016/j.sbi.2024.102776,collected:openalex,,verified,openalex_open_access,https://linkinghub.elsevier.com/retrieve/pii/S0959440X24000034,landing_page,2026-06-19T14:06:29.755810+00:00,text/html;charset=UTF-8,,yes,,"provider=openalex; provider_id=https://openalex.org/W4391669524; source_rank=30; retrieval_date=2026-06-19; screening_confidence=high; screening_reason=Deterministic title-strict tier-0 retrieval match: anchor and all main topics matched in the title.; screening_status=deterministic_include; title_anchor_present=yes; title_relevance_tier=0; title_matched_main_topics=alzheimers_disease; artificial_intelligence; source_query=(""Alzheimer's disease"" OR Alzheimer's OR ""Alzheimer disease"" OR ""prodromal Alzheimer's disease"" OR ""preclinical Alzheimer's disease"" OR ""dementia due to Alzheimer's disease"") AND (""artificial intelligence"" OR AI OR ""machine learning"" OR ""deep learning"" OR ""neural network"" OR ""natural language processing"" OR ""computer vision"" OR ""computational intelligence""); source_query_reason=Tier 0: anchor and all main topics.; dedupe_key=doi:10.1016/j.sbi.2024.102776; duplicate_count=1; in_fetch_duplicate_count=1; topic_main_matches=alzheimers_disease=Alzheimer disease@title|Alzheimer@title|Alzheimer's disease@title|Alzheimer's@title, artificial_intelligence=artificial intelligence@title",yes,yes,
10_1016_j_matpr_2021_03_061,Alzheimer's disease prediction using machine learning techniques and principal component analysis (PCA),2021,10.1016/j.matpr.2021.03.061,,M. Sudharsan; G. Thailambal,Materials Today Proceedings,https://doi.org/10.1016/j.matpr.2021.03.061,collected:openalex,,verified,openalex_primary_location,https://linkinghub.elsevier.com/retrieve/pii/S2214785321020757,landing_page,2026-06-19T14:06:38.882314+00:00,text/html;charset=UTF-8,,no,,"provider=openalex; provider_id=https://openalex.org/W3157237148; source_rank=31; retrieval_date=2026-06-19; screening_confidence=high; screening_reason=Deterministic title-strict tier-0 retrieval match: anchor and all main topics matched in the title.; screening_status=deterministic_include; title_anchor_present=yes; title_relevance_tier=0; title_matched_main_topics=alzheimers_disease; artificial_intelligence; source_query=(""Alzheimer's disease"" OR Alzheimer's OR ""Alzheimer disease"" OR ""prodromal Alzheimer's disease"" OR ""preclinical Alzheimer's disease"" OR ""dementia due to Alzheimer's disease"") AND (""artificial intelligence"" OR AI OR ""machine learning"" OR ""deep learning"" OR ""neural network"" OR ""natural language processing"" OR ""computer vision"" OR ""computational intelligence""); source_query_reason=Tier 0: anchor and all main topics.; dedupe_key=doi:10.1016/j.matpr.2021.03.061; duplicate_count=1; in_fetch_duplicate_count=1; topic_main_matches=alzheimers_disease=Alzheimer disease@title|Alzheimer@title|Alzheimer's disease@title|Alzheimer's@title, artificial_intelligence=machine learning@title",no,yes,missing_abstract
10_1111_nan_12759,Deep learning‐based model for diagnosing Alzheimer's disease and tauopathies,2021,10.1111/nan.12759,"AIMS: This study aimed to develop a deep learning-based model for differentiating tauopathies, including Alzheimer's disease (AD), progressive supranuclear palsy (PSP), corticobasal degeneration (CBD) and Pick's disease (PiD), based on tau-immunostained digital slide images. METHODS: We trained the YOLOv3 object detection algorithm to detect five tau lesion types: neuronal inclusions, neuritic plaques, tufted astrocytes, astrocytic plaques and coiled bodies. We used 2522 digital slide images of CP13-immunostained slides of the motor cortex from 10 cases each of AD, PSP and CBD for training. Data augmentation was performed to increase the size of the training dataset. We next constructed random forest classifiers using the quantitative burdens of each tau lesion from motor cortex, caudate nucleus and superior frontal gyrus, ascertained from the object detection model. We split 120 cases (32 AD, 36 PSP, 31 CBD and 21 PiD) into training (90 cases) and test (30 cases) sets to train random forest classifiers. RESULTS: The resultant random forest classifier achieved an average test score of 0.97, indicating that 29 out of 30 cases were correctly diagnosed. A validation study using hold-out datasets of CP13- and AT8-stained slides from 50 cases (10 AD, 17 PSP, 13 CBD and 10 PiD) showed >92% (without data augmentation) and >95% (with data augmentation) diagnostic accuracy in both CP13- and AT8-stained slides. CONCLUSION: Our diagnostic model trained with CP13 also works for AT8; therefore, our diagnostic tool can be potentially used by other investigators and may assist medical decision-making in neuropathological diagnoses of tauopathies.",Shunsuke Koga; Akihiro Ikeda; Dennis W. Dickson,Neuropathology and Applied Neurobiology,https://doi.org/10.1111/nan.12759,collected:openalex,,verified,openalex_open_access,https://onlinelibrary.wiley.com/action/cookieAbsent,pdf,2026-06-19T14:06:30.641534+00:00,text/html;charset=UTF-8,,yes,,"provider=openalex; provider_id=https://openalex.org/W3194565976; source_rank=32; retrieval_date=2026-06-19; screening_confidence=high; screening_reason=Deterministic title-strict tier-0 retrieval match: anchor and all main topics matched in the title.; screening_status=deterministic_include; title_anchor_present=yes; title_relevance_tier=0; title_matched_main_topics=alzheimers_disease; artificial_intelligence; source_query=(""Alzheimer's disease"" OR Alzheimer's OR ""Alzheimer disease"" OR ""prodromal Alzheimer's disease"" OR ""preclinical Alzheimer's disease"" OR ""dementia due to Alzheimer's disease"") AND (""artificial intelligence"" OR AI OR ""machine learning"" OR ""deep learning"" OR ""neural network"" OR ""natural language processing"" OR ""computer vision"" OR ""computational intelligence""); source_query_reason=Tier 0: anchor and all main topics.; dedupe_key=doi:10.1111/nan.12759; duplicate_count=1; in_fetch_duplicate_count=1; topic_main_matches=alzheimers_disease=Alzheimer disease@title|Alzheimer@title|Alzheimer's disease@title|Alzheimer's@title, artificial_intelligence=deep learning@title",yes,yes,
10_1016_j_bspc_2021_103293,"Machine learning techniques for diagnosis of alzheimer disease, mild cognitive disorder, and other types of dementia",2021,10.1016/j.bspc.2021.103293,,Golrokh Mirzaei; Hojjat Adeli,Biomedical Signal Processing and Control,https://doi.org/10.1016/j.bspc.2021.103293,collected:openalex,,verified,openalex_primary_location,https://linkinghub.elsevier.com/retrieve/pii/S1746809421008909,landing_page,2026-06-19T14:06:39.003540+00:00,text/html;charset=UTF-8,,no,,"provider=openalex; provider_id=https://openalex.org/W3212684309; source_rank=33; retrieval_date=2026-06-19; screening_confidence=high; screening_reason=Deterministic title-strict tier-0 retrieval match: anchor and all main topics matched in the title.; screening_status=deterministic_include; title_anchor_present=yes; title_relevance_tier=0; title_matched_main_topics=alzheimers_disease; artificial_intelligence; source_query=(""Alzheimer's disease"" OR Alzheimer's OR ""Alzheimer disease"" OR ""prodromal Alzheimer's disease"" OR ""preclinical Alzheimer's disease"" OR ""dementia due to Alzheimer's disease"") AND (""artificial intelligence"" OR AI OR ""machine learning"" OR ""deep learning"" OR ""neural network"" OR ""natural language processing"" OR ""computer vision"" OR ""computational intelligence""); source_query_reason=Tier 0: anchor and all main topics.; dedupe_key=doi:10.1016/j.bspc.2021.103293; duplicate_count=1; in_fetch_duplicate_count=1; topic_main_matches=alzheimers_disease=Alzheimer disease@title|Alzheimer@title, artificial_intelligence=machine learning@title",no,yes,missing_abstract
10_1007_s44174_023_00078_9,A Novel Approach Utilizing Machine Learning for the Early Diagnosis of Alzheimer's Disease,2023,10.1007/s44174-023-00078-9,,Khandaker Mohammad Mohi Uddin; Mir Jafikul Alam; Jannat-E-Anawar; Md. Ashraf Uddin; Sunil Aryal,Biomedical Materials & Devices,https://doi.org/10.1007/s44174-023-00078-9,collected:openalex,,verified,openalex_open_access,https://link.springer.com/article/10.1007/s44174-023-00078-9?error=cookies_not_supported&code=4884fff7-f34c-409a-a91d-984d9139e81f,pdf,2026-06-19T14:06:39.010655+00:00,text/html; charset=utf-8,,yes,,"provider=openalex; provider_id=https://openalex.org/W4363678967; source_rank=34; retrieval_date=2026-06-19; screening_confidence=high; screening_reason=Deterministic title-strict tier-0 retrieval match: anchor and all main topics matched in the title.; screening_status=deterministic_include; title_anchor_present=yes; title_relevance_tier=0; title_matched_main_topics=alzheimers_disease; artificial_intelligence; source_query=(""Alzheimer's disease"" OR Alzheimer's OR ""Alzheimer disease"" OR ""prodromal Alzheimer's disease"" OR ""preclinical Alzheimer's disease"" OR ""dementia due to Alzheimer's disease"") AND (""artificial intelligence"" OR AI OR ""machine learning"" OR ""deep learning"" OR ""neural network"" OR ""natural language processing"" OR ""computer vision"" OR ""computational intelligence""); source_query_reason=Tier 0: anchor and all main topics.; dedupe_key=doi:10.1007/s44174-023-00078-9; duplicate_count=1; in_fetch_duplicate_count=1; topic_main_matches=alzheimers_disease=Alzheimer disease@title|Alzheimer@title|Alzheimer's disease@title|Alzheimer's@title, artificial_intelligence=machine learning@title",no,yes,missing_abstract
10_1016_j_arr_2024_102497,"AI-driven innovations in Alzheimer's disease: Integrating early diagnosis, personalized treatment, and prognostic modelling",2024,10.1016/j.arr.2024.102497,,Mayur B. Kale; Nitu L. Wankhede; Rupali S. Pawar; Suhas Ballal; Rohit Kumawat; Manish Goswami; Mohammad Khalid; Brijesh G. Taksande; Aman B. Upaganlawar; Milind Umekar; Spandana Rajendra Kopalli; Sushruta Koppula,Ageing Research Reviews,https://doi.org/10.1016/j.arr.2024.102497,collected:openalex,,verified,openalex_primary_location,https://linkinghub.elsevier.com/retrieve/pii/S1568163724003155,landing_page,2026-06-19T14:06:39.065821+00:00,text/html;charset=UTF-8,,no,,"provider=openalex; provider_id=https://openalex.org/W4402564832; source_rank=35; retrieval_date=2026-06-19; screening_confidence=high; screening_reason=Deterministic title-strict tier-0 retrieval match: anchor and all main topics matched in the title.; screening_status=deterministic_include; title_anchor_present=yes; title_relevance_tier=0; title_matched_main_topics=alzheimers_disease; artificial_intelligence; source_query=(""Alzheimer's disease"" OR Alzheimer's OR ""Alzheimer disease"" OR ""prodromal Alzheimer's disease"" OR ""preclinical Alzheimer's disease"" OR ""dementia due to Alzheimer's disease"") AND (""artificial intelligence"" OR AI OR ""machine learning"" OR ""deep learning"" OR ""neural network"" OR ""natural language processing"" OR ""computer vision"" OR ""computational intelligence""); source_query_reason=Tier 0: anchor and all main topics.; dedupe_key=doi:10.1016/j.arr.2024.102497; duplicate_count=1; in_fetch_duplicate_count=1; topic_main_matches=alzheimers_disease=Alzheimer disease@title|Alzheimer@title|Alzheimer's disease@title|Alzheimer's@title, artificial_intelligence=AI@title",no,yes,missing_abstract
10_1016_j_compbiomed_2021_104678,Multi-model and multi-slice ensemble learning architecture based on 2D convolutional neural networks for Alzheimer's disease diagnosis,2021,10.1016/j.compbiomed.2021.104678,,Wenjie Kang; Lan Lin; Baiwen Zhang; Xiaoqi Shen; Shuicai Wu,Computers in Biology and Medicine,https://doi.org/10.1016/j.compbiomed.2021.104678,collected:openalex,,verified,openalex_primary_location,https://linkinghub.elsevier.com/retrieve/pii/S0010482521004728,landing_page,2026-06-19T14:06:39.072293+00:00,text/html;charset=UTF-8,,no,,"provider=openalex; provider_id=https://openalex.org/W3184758801; source_rank=36; retrieval_date=2026-06-19; screening_confidence=high; screening_reason=Deterministic title-strict tier-0 retrieval match: anchor and all main topics matched in the title.; screening_status=deterministic_include; title_anchor_present=yes; title_relevance_tier=0; title_matched_main_topics=alzheimers_disease; artificial_intelligence; source_query=(""Alzheimer's disease"" OR Alzheimer's OR ""Alzheimer disease"" OR ""prodromal Alzheimer's disease"" OR ""preclinical Alzheimer's disease"" OR ""dementia due to Alzheimer's disease"") AND (""artificial intelligence"" OR AI OR ""machine learning"" OR ""deep learning"" OR ""neural network"" OR ""natural language processing"" OR ""computer vision"" OR ""computational intelligence""); source_query_reason=Tier 0: anchor and all main topics.; dedupe_key=doi:10.1016/j.compbiomed.2021.104678; duplicate_count=1; in_fetch_duplicate_count=1; topic_main_matches=alzheimers_disease=Alzheimer disease@title|Alzheimer@title|Alzheimer's disease@title|Alzheimer's@title, artificial_intelligence=neural network@title|neural networks@title",no,yes,missing_abstract
10_3389_fpubh_2022_772592,A Transfer Learning Method for Detecting Alzheimer's Disease Based on Speech and Natural Language Processing,2022,10.3389/fpubh.2022.772592,"Alzheimer's disease (AD) is a neurodegenerative disease that is difficult to be detected using convenient and reliable methods. The language change in patients with AD is an important signal of their cognitive status, which potentially helps in early diagnosis. In this study, we developed a transfer learning model based on speech and natural language processing (NLP) technology for the early diagnosis of AD. The lack of large datasets limits the use of complex neural network models without feature engineering, while transfer learning can effectively solve this problem. The transfer learning model is firstly pre-trained on large text datasets to get the pre-trained language model, and then, based on such a model, an AD classification model is performed on small training sets. Concretely, a distilled bidirectional encoder representation (distilBert) embedding, combined with a logistic regression classifier, is used to distinguish AD from normal controls. The model experiment was evaluated on Alzheimer's dementia recognition through spontaneous speech datasets in 2020, including the balanced 78 healthy controls (HC) and 78 patients with AD. The accuracy of the proposed model is 0.88, which is almost equivalent to the champion score in the challenge and a considerable improvement over the baseline of 75% established by organizers of the challenge. As a result, the transfer learning method in this study improves AD prediction, which does not only reduces the need for feature engineering but also addresses the lack of sufficiently large datasets.",Ning Liu; Kexue Luo; Zhenming Yuan; Yan Chen,Frontiers in Public Health,https://doi.org/10.3389/fpubh.2022.772592,collected:openalex,,verified,openalex_open_access,https://www.frontiersin.org/journals/public-health/articles/10.3389/fpubh.2022.772592/pdf,pdf,2026-06-19T14:06:30.967469+00:00,application/pdf,,yes,,"provider=openalex; provider_id=https://openalex.org/W4224068866; source_rank=37; retrieval_date=2026-06-19; screening_confidence=high; screening_reason=Deterministic title-strict tier-0 retrieval match: anchor and all main topics matched in the title.; screening_status=deterministic_include; title_anchor_present=yes; title_relevance_tier=0; title_matched_main_topics=alzheimers_disease; artificial_intelligence; source_query=(""Alzheimer's disease"" OR Alzheimer's OR ""Alzheimer disease"" OR ""prodromal Alzheimer's disease"" OR ""preclinical Alzheimer's disease"" OR ""dementia due to Alzheimer's disease"") AND (""artificial intelligence"" OR AI OR ""machine learning"" OR ""deep learning"" OR ""neural network"" OR ""natural language processing"" OR ""computer vision"" OR ""computational intelligence""); source_query_reason=Tier 0: anchor and all main topics.; dedupe_key=doi:10.3389/fpubh.2022.772592; duplicate_count=1; in_fetch_duplicate_count=1; topic_main_matches=alzheimers_disease=Alzheimer disease@title|Alzheimer@title|Alzheimer's disease@title|Alzheimer's@title, artificial_intelligence=natural language processing@title",yes,yes,
10_1016_j_artmed_2024_102928,A systematic literature review on the significance of deep learning and machine learning in predicting Alzheimer's disease,2024,10.1016/j.artmed.2024.102928,,Arshdeep Kaur; Meenakshi Mittal; Jasvinder Singh Bhatti; Suresh Thareja; Satwinder Singh,Artificial Intelligence in Medicine,https://doi.org/10.1016/j.artmed.2024.102928,collected:openalex,,verified,openalex_primary_location,https://linkinghub.elsevier.com/retrieve/pii/S0933365724001702,landing_page,2026-06-19T14:06:39.246377+00:00,text/html;charset=UTF-8,,no,,"provider=openalex; provider_id=https://openalex.org/W4400274374; source_rank=38; retrieval_date=2026-06-19; screening_confidence=high; screening_reason=Deterministic title-strict tier-0 retrieval match: anchor and all main topics matched in the title.; screening_status=deterministic_include; title_anchor_present=yes; title_relevance_tier=0; title_matched_main_topics=alzheimers_disease; artificial_intelligence; source_query=(""Alzheimer's disease"" OR Alzheimer's OR ""Alzheimer disease"" OR ""prodromal Alzheimer's disease"" OR ""preclinical Alzheimer's disease"" OR ""dementia due to Alzheimer's disease"") AND (""artificial intelligence"" OR AI OR ""machine learning"" OR ""deep learning"" OR ""neural network"" OR ""natural language processing"" OR ""computer vision"" OR ""computational intelligence""); source_query_reason=Tier 0: anchor and all main topics.; dedupe_key=doi:10.1016/j.artmed.2024.102928; duplicate_count=1; in_fetch_duplicate_count=1; topic_main_matches=alzheimers_disease=Alzheimer disease@title|Alzheimer@title|Alzheimer's disease@title|Alzheimer's@title, artificial_intelligence=deep learning@title|machine learning@title",no,yes,missing_abstract
10_1109_jbhi_2021_3053568,Auto-Metric Graph Neural Network Based on a Meta-Learning Strategy for the Diagnosis of Alzheimer's Disease,2021,10.1109/jbhi.2021.3053568,"Alzheimer's disease (AD) is the most common cognitive disorder. In recent years, many computer-aided diagnosis techniques have been proposed for AD diagnosis and progression predictions. Among them, graph neural networks (GNNs) have received extensive attention owing to their ability to effectively fuse multimodal features and model the correlation between samples. However, many GNNs for node classification use an entire dataset to construct a large fixed-graph structure, which cannot be used for independent testing. To overcome this limitation while maintaining the advantages of the GNN, we propose an auto-metric GNN (AMGNN) model for AD diagnosis. First, a metric-based meta-learning strategy is introduced to realize inductive learning for independent testing through multiple node classification tasks. In the meta-tasks, the small graphs help make the model insensitive to the sample size, thus improving the performance under small sample size conditions. Furthermore, an AMGNN layer with a probability constraint is designed to realize node similarity metric learning and effectively fuse multimodal data. We verified the model on two tasks based on the TADPOLE dataset: early AD diagnosis and mild cognitive impairment (MCI) conversion prediction. Our model provides excellent performance on both tasks with accuracies of 94.44% and 87.50% and median accuracies of 94.19% and 86.25%, respectively. These results show that our model improves flexibility while ensuring a good classification performance, thus promoting the development of graph-based deep learning algorithms for disease diagnosis.",Xiaofan Song; Mingyi Mao; Xiaohua Qian,IEEE Journal of Biomedical and Health Informatics,https://doi.org/10.1109/jbhi.2021.3053568,collected:openalex,,verified,openalex_primary_location,https://ieeexplore.ieee.org/document/9335007/,landing_page,2026-06-19T14:06:30.975772+00:00,text/html; charset=UTF-8,,no,,"provider=openalex; provider_id=https://openalex.org/W3123893801; source_rank=39; retrieval_date=2026-06-19; screening_confidence=high; screening_reason=Deterministic title-strict tier-0 retrieval match: anchor and all main topics matched in the title.; screening_status=deterministic_include; title_anchor_present=yes; title_relevance_tier=0; title_matched_main_topics=alzheimers_disease; artificial_intelligence; source_query=(""Alzheimer's disease"" OR Alzheimer's OR ""Alzheimer disease"" OR ""prodromal Alzheimer's disease"" OR ""preclinical Alzheimer's disease"" OR ""dementia due to Alzheimer's disease"") AND (""artificial intelligence"" OR AI OR ""machine learning"" OR ""deep learning"" OR ""neural network"" OR ""natural language processing"" OR ""computer vision"" OR ""computational intelligence""); source_query_reason=Tier 0: anchor and all main topics.; dedupe_key=doi:10.1109/jbhi.2021.3053568; duplicate_count=1; in_fetch_duplicate_count=1; topic_main_matches=alzheimers_disease=Alzheimer disease@title|Alzheimer@title|Alzheimer's disease@title|Alzheimer's@title, artificial_intelligence=neural network@title|graph neural network@title",yes,yes,
10_1016_j_compbiomed_2023_107328,Multi-modal graph neural network for early diagnosis of Alzheimer's disease from sMRI and PET scans,2023,10.1016/j.compbiomed.2023.107328,,Yanteng Zhang; Xiaohai He; Yi Hao Chan; Qizhi Teng; Jagath C. Rajapakse,Computers in Biology and Medicine,https://doi.org/10.1016/j.compbiomed.2023.107328,collected:openalex,,verified,openalex_primary_location,https://linkinghub.elsevier.com/retrieve/pii/S001048252300793X,landing_page,2026-06-19T14:06:39.342380+00:00,text/html;charset=UTF-8,,no,,"provider=openalex; provider_id=https://openalex.org/W4385621509; source_rank=40; retrieval_date=2026-06-19; screening_confidence=high; screening_reason=Deterministic title-strict tier-0 retrieval match: anchor and all main topics matched in the title.; screening_status=deterministic_include; title_anchor_present=yes; title_relevance_tier=0; title_matched_main_topics=alzheimers_disease; artificial_intelligence; source_query=(""Alzheimer's disease"" OR Alzheimer's OR ""Alzheimer disease"" OR ""prodromal Alzheimer's disease"" OR ""preclinical Alzheimer's disease"" OR ""dementia due to Alzheimer's disease"") AND (""artificial intelligence"" OR AI OR ""machine learning"" OR ""deep learning"" OR ""neural network"" OR ""natural language processing"" OR ""computer vision"" OR ""computational intelligence""); source_query_reason=Tier 0: anchor and all main topics.; dedupe_key=doi:10.1016/j.compbiomed.2023.107328; duplicate_count=1; in_fetch_duplicate_count=1; topic_main_matches=alzheimers_disease=Alzheimer disease@title|Alzheimer@title|Alzheimer's disease@title|Alzheimer's@title, artificial_intelligence=neural network@title|graph neural network@title",no,yes,missing_abstract
10_1109_icaccs48705_2020_9074248,Alzheimer Disease Prediction using Machine Learning Algorithms,2020,10.1109/icaccs48705.2020.9074248,"Alzheimer disease is the one amongst neurodegenerative disorders. Though the symptoms are benign initially, they become more severe over time. Alzheimer's disease is a prevalent sort of dementia. This disease is challenging one because there is no treatment for the disease. Diagnosis of the disease is done but that too at the later stage only. Thus if the disease is predicted earlier, the progression or the symptoms of the disease can be slow down. This paper uses machine learning algorithms to predict the Alzheimer disease using psychological parameters like age, number of visit, MMSE and education.",J. Neelaveni; M.S. Geetha Devasana,,https://doi.org/10.1109/icaccs48705.2020.9074248,collected:openalex,,verified,openalex_primary_location,https://ieeexplore.ieee.org/document/9074248/,landing_page,2026-06-19T14:06:31.071132+00:00,text/html; charset=UTF-8,,no,,"provider=openalex; provider_id=https://openalex.org/W3018492956; source_rank=41; retrieval_date=2026-06-19; screening_confidence=high; screening_reason=Deterministic title-strict tier-0 retrieval match: anchor and all main topics matched in the title.; screening_status=deterministic_include; title_anchor_present=yes; title_relevance_tier=0; title_matched_main_topics=alzheimers_disease; artificial_intelligence; source_query=(""Alzheimer's disease"" OR Alzheimer's OR ""Alzheimer disease"" OR ""prodromal Alzheimer's disease"" OR ""preclinical Alzheimer's disease"" OR ""dementia due to Alzheimer's disease"") AND (""artificial intelligence"" OR AI OR ""machine learning"" OR ""deep learning"" OR ""neural network"" OR ""natural language processing"" OR ""computer vision"" OR ""computational intelligence""); source_query_reason=Tier 0: anchor and all main topics.; dedupe_key=doi:10.1109/icaccs48705.2020.9074248; duplicate_count=1; in_fetch_duplicate_count=1; topic_main_matches=alzheimers_disease=Alzheimer disease@title|Alzheimer@title, artificial_intelligence=machine learning@title",yes,yes,
10_1109_tfuzz_2024_3409412,Fuzzy Deep Learning for the Diagnosis of Alzheimer's Disease: Approaches and Challenges,2024,10.1109/tfuzz.2024.3409412,"Alzheimer's disease (AD) is the leading neurodegenerative disorder and primary cause of dementia. Researchers are increasingly drawn to automated diagnosis of AD using neuroimaging analyses. Conventional deep learning (DL) models excel in constructing learning classifiers in early-stage AD diagnosis. However, they often struggle with AD diagnosis due to uncertainties stemming from unclear annotations by experts, challenges in data collection, such as data harmonization issues, and limitations in equipment resolution. These factors contribute to imprecise data, hindering accurate analysis, interpretation of obtained results, and understanding of complex symptoms. In response, the integration of fuzzy logic into DL, forming fuzzy deep learning (FDL), effectively manages imprecise data and provides interpretable insights, offering a valuable advancement in AD. Therefore, exploring recent advancements in integrating DL with fuzzy logic is crucial for improving AD diagnosis. In this review, we explore the contributions of fuzzy logic within FDL models, focusing on fuzzy-based image preprocessing, segmentation, and classification. Moreover, in exploring research directions, we discuss the possibility of the fusion of multimodal data with fuzzy logic, addressing challenges in AD diagnosis. Leveraging fuzzy logic and membership while integrating diverse datasets, such as genomics, proteomics, and metabolomics may provide an effective development of a DL classifier. In addition, fuzzy explainable DL promises more accurate and linguistically interpretable decision support systems for AD diagnosis. The primary objective of this article is to serve as a comprehensive and authoritative resource for newcomers, researchers, and clinicians interested in employing FDL models for AD diagnosis.",M. Tanveer; M. Sajid; Mushir Akhtar; A. Quadir; Tripti Goel; Aroof Aimen; Sushmita Mitra; Y-D Zhang; Chin‐Teng Lin; Javier Del Ser,IEEE Transactions on Fuzzy Systems,https://doi.org/10.1109/tfuzz.2024.3409412,collected:openalex,,verified,openalex_primary_location,https://ieeexplore.ieee.org/document/10561527/,landing_page,2026-06-19T14:06:31.072721+00:00,text/html; charset=UTF-8,,no,,"provider=openalex; provider_id=https://openalex.org/W4399766677; source_rank=42; retrieval_date=2026-06-19; screening_confidence=high; screening_reason=Deterministic title-strict tier-0 retrieval match: anchor and all main topics matched in the title.; screening_status=deterministic_include; title_anchor_present=yes; title_relevance_tier=0; title_matched_main_topics=alzheimers_disease; artificial_intelligence; source_query=(""Alzheimer's disease"" OR Alzheimer's OR ""Alzheimer disease"" OR ""prodromal Alzheimer's disease"" OR ""preclinical Alzheimer's disease"" OR ""dementia due to Alzheimer's disease"") AND (""artificial intelligence"" OR AI OR ""machine learning"" OR ""deep learning"" OR ""neural network"" OR ""natural language processing"" OR ""computer vision"" OR ""computational intelligence""); source_query_reason=Tier 0: anchor and all main topics.; dedupe_key=doi:10.1109/tfuzz.2024.3409412; duplicate_count=1; in_fetch_duplicate_count=1; topic_main_matches=alzheimers_disease=Alzheimer disease@title|Alzheimer@title|Alzheimer's disease@title|Alzheimer's@title, artificial_intelligence=deep learning@title",yes,yes,
10_1109_icscds53736_2022_9760858,Alzheimer's Disease Analysis using Explainable Artificial Intelligence (XAI),2022,10.1109/icscds53736.2022.9760858,"Alzheimer's disease is a progressive neurologic disorder that results in causing the brain to undergo atrophy that is it results in the brain shrinking and the brain cells to die. It occurs to a person who is in their 30's to middle 60's. Around 5.8 million people in the United States of America of age 65 and more have Alzheimer's disease. It is the common cause of dementia. No treatment has been found for Alzheimer's till date. Alzheimer's not cured can result in severe loss of brain function and finally results in death. So, it is important for one to identify it in its early stage and cure it. In this project, we have attempted to identify the stages of Alzheimer using Layer wise relevance propagation method in Explainable artificial intelligence by taking image as the input. Other than LRP, some other algorithms such as vgg-16 and CNN has been used for achieving better results and a good batch accuracy. From this article, one can understand the analysis of Alzheimer's by using XAI with the corresponding feature explanation. The result is achieved with an explanation for the analysis, so that the result is much more trustable and reliable.",K. Muthamil Sudar; P. Nagaraj; S Nithisaa; R. Aishwarya; M. Aakash; S. Ishwarya Lakshmi,2022 International Conference on Sustainable Computing and Data Communication Systems (ICSCDS),https://doi.org/10.1109/icscds53736.2022.9760858,collected:openalex,,verified,openalex_primary_location,https://ieeexplore.ieee.org/document/9760858/,landing_page,2026-06-19T14:06:31.161550+00:00,text/html; charset=UTF-8,,no,,"provider=openalex; provider_id=https://openalex.org/W4224944501; source_rank=43; retrieval_date=2026-06-19; screening_confidence=high; screening_reason=Deterministic title-strict tier-0 retrieval match: anchor and all main topics matched in the title.; screening_status=deterministic_include; title_anchor_present=yes; title_relevance_tier=0; title_matched_main_topics=alzheimers_disease; artificial_intelligence; source_query=(""Alzheimer's disease"" OR Alzheimer's OR ""Alzheimer disease"" OR ""prodromal Alzheimer's disease"" OR ""preclinical Alzheimer's disease"" OR ""dementia due to Alzheimer's disease"") AND (""artificial intelligence"" OR AI OR ""machine learning"" OR ""deep learning"" OR ""neural network"" OR ""natural language processing"" OR ""computer vision"" OR ""computational intelligence""); source_query_reason=Tier 0: anchor and all main topics.; dedupe_key=doi:10.1109/icscds53736.2022.9760858; duplicate_count=1; in_fetch_duplicate_count=1; topic_main_matches=alzheimers_disease=Alzheimer disease@title|Alzheimer@title|Alzheimer's disease@title|Alzheimer's@title, artificial_intelligence=artificial intelligence@title",yes,yes,
10_5582_irdr_2023_01091,Artificial intelligence technology in Alzheimer's disease research,2023,10.5582/irdr.2023.01091,"Alzheimer's disease is a neurocognitive disorder and one of the contributing factors to dementia. According to the World Health Organization, this disease has a sig-nificant impact on the global population's health, with the number of affected individuals steadily increasing each year. Amidst rapid technological development, the use of artificial intelligence has significantly expanded into the field of medical diagnostics, encompassing areas such as the analysis of medical images, drug development, design of personalized treatment plans, and disease prediction and treatment. Deep learning, which is an important branch in the field of artificial intelligence, is playing a key role in solving several medical challenges by providing important technical support for the early detection, diagnosis, and treatment of Alzheimer's disease. Given this context, this review aims to explore the differences between conventional methods and artificial intelligence techniques in Alzheimer's disease research. Additionally, it aims to summarize current non-invasive and portable techniques for detection of Alzheimer's disease, offering support and guidance for the future prediction and management of the disease.",Wenli Zhang; Yifan Li; Wentao Ren; Bo Liu,Intractable & Rare Diseases Research,https://doi.org/10.5582/irdr.2023.01091,collected:openalex,,verified,openalex_open_access,https://www.jstage.jst.go.jp/article/irdr/advpub/0/advpub_2023.01091/_pdf,landing_page,2026-06-19T14:06:31.170804+00:00,application/pdf;charset=UTF-8,,yes,,"provider=openalex; provider_id=https://openalex.org/W4387857082; source_rank=44; retrieval_date=2026-06-19; screening_confidence=high; screening_reason=Deterministic title-strict tier-0 retrieval match: anchor and all main topics matched in the title.; screening_status=deterministic_include; title_anchor_present=yes; title_relevance_tier=0; title_matched_main_topics=alzheimers_disease; artificial_intelligence; source_query=(""Alzheimer's disease"" OR Alzheimer's OR ""Alzheimer disease"" OR ""prodromal Alzheimer's disease"" OR ""preclinical Alzheimer's disease"" OR ""dementia due to Alzheimer's disease"") AND (""artificial intelligence"" OR AI OR ""machine learning"" OR ""deep learning"" OR ""neural network"" OR ""natural language processing"" OR ""computer vision"" OR ""computational intelligence""); source_query_reason=Tier 0: anchor and all main topics.; dedupe_key=doi:10.5582/irdr.2023.01091; duplicate_count=1; in_fetch_duplicate_count=1; topic_main_matches=alzheimers_disease=Alzheimer disease@title|Alzheimer@title|Alzheimer's disease@title|Alzheimer's@title, artificial_intelligence=artificial intelligence@title",yes,yes,
10_1016_j_patcog_2020_107247,Deep and joint learning of longitudinal data for Alzheimer's disease prediction,2020,10.1016/j.patcog.2020.107247,,Baiying Lei; Mengya Yang; Peng Yang; Feng Zhou; Hou Wen; Wen‐Bin Zou; Xia Li; Tianfu Wang; Xiaohua Xiao; Shuqiang Wang,Pattern Recognition,https://doi.org/10.1016/j.patcog.2020.107247,collected:openalex,,verified,openalex_primary_location,https://linkinghub.elsevier.com/retrieve/pii/S0031320320300534,landing_page,2026-06-19T14:06:39.349424+00:00,text/html;charset=UTF-8,,no,,"provider=openalex; provider_id=https://openalex.org/W3003213187; source_rank=45; retrieval_date=2026-06-19; screening_confidence=high; screening_reason=The title contains both main topics: Alzheimer's disease and artificial intelligence.; screening_status=llm_screened; title_anchor_present=yes; title_relevance_tier=0; title_matched_main_topics=alzheimers_disease; artificial_intelligence; source_query=(""Alzheimer's disease"" OR Alzheimer's OR ""Alzheimer disease"" OR ""prodromal Alzheimer's disease"" OR ""preclinical Alzheimer's disease"" OR ""dementia due to Alzheimer's disease"") AND (""artificial intelligence"" OR AI OR ""machine learning"" OR ""deep learning"" OR ""neural network"" OR ""natural language processing"" OR ""computer vision"" OR ""computational intelligence""); source_query_reason=Tier 0: anchor and all main topics.; dedupe_key=doi:10.1016/j.patcog.2020.107247; duplicate_count=1; in_fetch_duplicate_count=1; topic_main_matches=alzheimers_disease=Alzheimer disease@title|Alzheimer@title|Alzheimer's disease@title|Alzheimer's@title",no,yes,missing_abstract
10_1016_j_compbiomed_2022_106240,Multi-label classification of Alzheimer's disease stages from resting-state fMRI-based correlation connectivity data and deep learning,2022,10.1016/j.compbiomed.2022.106240,"Alzheimer's disease is a neurodegenerative condition that gradually impairs cognitive abilities. Recently, various neuroimaging modalities and machine learning methods have surfaced to diagnose Alzheimer's disease. Resting-state fMRI is a neuroimaging modality that has been widely utilized to study brain activity related to neurodegenerative diseases. In literature, the previous studies are limited to the binary classification of Alzheimer's disease and Mild Cognitive Impairment. The application of computer-aided diagnosis for the numerous advancing phases of Alzheimer's disease, on the other hand, remains understudied. This research analyzes and presents methods for multi-label classification of six Alzheimer's stages using rs-fMRI and deep learning. The proposed model solves the multi-class classification problem by extracting the brain's functional connectivity networks from rs-fMRI data and employing two deep learning approaches, Stacked Sparse Autoencoder and Brain Connectivity Graph Convolutional Network. The suggested models' results were assessed using the k-fold cross-validation approach, and an average accuracy of 77.13% and 84.03% was reached for multi-label classification using Stacked Sparse Autoencoders and Brain Connectivity Based Convolutional Network, respectively. An analysis of brain regions was also performed by using the network's learned weights, leading to the conclusion that the precentral gyrus, frontal gyrus, lingual gyrus, and supplementary motor area are the significant brain regions of interest.",Abdulaziz Alorf; Muhammad Usman Ghani Khan,Computers in Biology and Medicine,https://doi.org/10.1016/j.compbiomed.2022.106240,collected:openalex,,verified,openalex_open_access,https://linkinghub.elsevier.com/retrieve/pii/S0010482522009489,landing_page,2026-06-19T14:06:31.323955+00:00,text/html;charset=UTF-8,,yes,,"provider=openalex; provider_id=https://openalex.org/W4308601243; source_rank=46; retrieval_date=2026-06-19; screening_confidence=high; screening_reason=Deterministic title-strict tier-0 retrieval match: anchor and all main topics matched in the title.; screening_status=deterministic_include; title_anchor_present=yes; title_relevance_tier=0; title_matched_main_topics=alzheimers_disease; artificial_intelligence; source_query=(""Alzheimer's disease"" OR Alzheimer's OR ""Alzheimer disease"" OR ""prodromal Alzheimer's disease"" OR ""preclinical Alzheimer's disease"" OR ""dementia due to Alzheimer's disease"") AND (""artificial intelligence"" OR AI OR ""machine learning"" OR ""deep learning"" OR ""neural network"" OR ""natural language processing"" OR ""computer vision"" OR ""computational intelligence""); source_query_reason=Tier 0: anchor and all main topics.; dedupe_key=doi:10.1016/j.compbiomed.2022.106240; duplicate_count=1; in_fetch_duplicate_count=1; topic_main_matches=alzheimers_disease=Alzheimer disease@title|Alzheimer@title|Alzheimer's disease@title|Alzheimer's@title, artificial_intelligence=deep learning@title",yes,yes,
10_1016_j_measurement_2020_108838,A deep convolutional neural network based computer aided diagnosis system for the prediction of Alzheimer's disease in MRI images,2020,10.1016/j.measurement.2020.108838,,V. Sathiyamoorthi; A. K. Ilavarasi; K. Murugeswari; Syed Thouheed Ahmed; B. Aruna Devi; Murali Kalipindi,Measurement,https://doi.org/10.1016/j.measurement.2020.108838,collected:openalex,,verified,openalex_primary_location,https://linkinghub.elsevier.com/retrieve/pii/S0263224120313312,landing_page,2026-06-19T14:06:39.449521+00:00,text/html;charset=UTF-8,,no,,"provider=openalex; provider_id=https://openalex.org/W3112492401; source_rank=47; retrieval_date=2026-06-19; screening_confidence=high; screening_reason=Deterministic title-strict tier-0 retrieval match: anchor and all main topics matched in the title.; screening_status=deterministic_include; title_anchor_present=yes; title_relevance_tier=0; title_matched_main_topics=alzheimers_disease; artificial_intelligence; source_query=(""Alzheimer's disease"" OR Alzheimer's OR ""Alzheimer disease"" OR ""prodromal Alzheimer's disease"" OR ""preclinical Alzheimer's disease"" OR ""dementia due to Alzheimer's disease"") AND (""artificial intelligence"" OR AI OR ""machine learning"" OR ""deep learning"" OR ""neural network"" OR ""natural language processing"" OR ""computer vision"" OR ""computational intelligence""); source_query_reason=Tier 0: anchor and all main topics.; dedupe_key=doi:10.1016/j.measurement.2020.108838; duplicate_count=1; in_fetch_duplicate_count=1; topic_main_matches=alzheimers_disease=Alzheimer disease@title|Alzheimer@title|Alzheimer's disease@title|Alzheimer's@title, artificial_intelligence=neural network@title",no,yes,missing_abstract
10_3389_fpubh_2020_584387,Alzheimer's Disease Classification With a Cascade Neural Network,2020,10.3389/fpubh.2020.584387,"Classification of Alzheimer's Disease (AD) has been becoming a hot issue along with the rapidly increasing number of patients. This task remains tremendously challenging due to the limited data and the difficulties in detecting mild cognitive impairment (MCI). Existing methods use gait [or EEG (electroencephalogram)] data only to tackle this task. Although the gait data acquisition procedure is cheap and simple, the methods relying on gait data often fail to detect the slight difference between MCI and AD. The methods that use EEG data can detect the difference more precisely, but collecting EEG data from both HC (health controls) and patients is very time-consuming. More critically, these methods often convert EEG records into the frequency domain and thus inevitably lose the spatial and temporal information, which is essential to capture the connectivity and synchronization among different brain regions. This paper proposes a cascade neural network with two steps to achieve a faster and more accurate AD classification by exploiting gait and EEG data simultaneously. In the first step, we propose attention-based spatial temporal graph convolutional networks to extract the features from the skeleton sequences (i.e., gait) captured by Kinect (a commonly used sensor) to distinguish between HC and patients. In the second step, we propose spatial temporal convolutional networks to fully exploit the spatial and temporal information of EEG data and classify the patients into MCI or AD eventually. We collect gait and EEG data from 35 cognitively health controls, 35 MCI, and 17 AD patients to evaluate our proposed method. Experimental results show that our method significantly outperforms other AD diagnosis methods (91.07 vs. 68.18%) in the three-way AD classification task (HC, MCI, and AD). Moreover, we empirically found that the lower body and right upper limb are more important for the early diagnosis of AD than other body parts. We believe this interesting finding can be helpful for clinical researches.",Zeng You; Runhao Zeng; Xiaoyong Lan; Huixia Ren; Zhiyang You; Xue Shi; Shipeng Zhao; Yi Guo; Xin Jiang; Xiping Hu,Frontiers in Public Health,https://doi.org/10.3389/fpubh.2020.584387,collected:openalex,,verified,openalex_open_access,https://www.frontiersin.org/journals/public-health/articles/10.3389/fpubh.2020.584387/pdf,pdf,2026-06-19T14:06:31.349768+00:00,application/pdf,,yes,,"provider=openalex; provider_id=https://openalex.org/W3096159073; source_rank=48; retrieval_date=2026-06-19; screening_confidence=high; screening_reason=Deterministic title-strict tier-0 retrieval match: anchor and all main topics matched in the title.; screening_status=deterministic_include; title_anchor_present=yes; title_relevance_tier=0; title_matched_main_topics=alzheimers_disease; artificial_intelligence; source_query=(""Alzheimer's disease"" OR Alzheimer's OR ""Alzheimer disease"" OR ""prodromal Alzheimer's disease"" OR ""preclinical Alzheimer's disease"" OR ""dementia due to Alzheimer's disease"") AND (""artificial intelligence"" OR AI OR ""machine learning"" OR ""deep learning"" OR ""neural network"" OR ""natural language processing"" OR ""computer vision"" OR ""computational intelligence""); source_query_reason=Tier 0: anchor and all main topics.; dedupe_key=doi:10.3389/fpubh.2020.584387; duplicate_count=1; in_fetch_duplicate_count=1; topic_main_matches=alzheimers_disease=Alzheimer disease@title|Alzheimer@title|Alzheimer's disease@title|Alzheimer's@title, artificial_intelligence=neural network@title",yes,yes,
10_1016_j_ijhcs_2021_102761,Exploiting linguistic information from Nepali transcripts for early detection of Alzheimer's disease using natural language processing and machine learning techniques,2021,10.1016/j.ijhcs.2021.102761,,Surabhi Adhikari; Surendrabikram Thapa; Usman Naseem; Priyanka Singh; Huan Huo; Gnana Bharathy; Mukesh Prasad,International Journal of Human-Computer Studies,https://doi.org/10.1016/j.ijhcs.2021.102761,collected:openalex,,verified,openalex_primary_location,https://linkinghub.elsevier.com/retrieve/pii/S1071581921001798,landing_page,2026-06-19T14:06:39.526982+00:00,text/html;charset=UTF-8,,no,,"provider=openalex; provider_id=https://openalex.org/W4200554941; source_rank=49; retrieval_date=2026-06-19; screening_confidence=high; screening_reason=Deterministic title-strict tier-0 retrieval match: anchor and all main topics matched in the title.; screening_status=deterministic_include; title_anchor_present=yes; title_relevance_tier=0; title_matched_main_topics=alzheimers_disease; artificial_intelligence; source_query=(""Alzheimer's disease"" OR Alzheimer's OR ""Alzheimer disease"" OR ""prodromal Alzheimer's disease"" OR ""preclinical Alzheimer's disease"" OR ""dementia due to Alzheimer's disease"") AND (""artificial intelligence"" OR AI OR ""machine learning"" OR ""deep learning"" OR ""neural network"" OR ""natural language processing"" OR ""computer vision"" OR ""computational intelligence""); source_query_reason=Tier 0: anchor and all main topics.; dedupe_key=doi:10.1016/j.ijhcs.2021.102761; duplicate_count=1; in_fetch_duplicate_count=1; topic_main_matches=alzheimers_disease=Alzheimer disease@title|Alzheimer@title|Alzheimer's disease@title|Alzheimer's@title, artificial_intelligence=natural language processing@title|machine learning@title",no,yes,missing_abstract
10_1016_j_patcog_2022_109031,Transformed domain convolutional neural network for Alzheimer's disease diagnosis using structural MRI,2022,10.1016/j.patcog.2022.109031,,S. Qasim Abbas; Lianhua Chi; Yi‐Ping Phoebe Chen,Pattern Recognition,https://doi.org/10.1016/j.patcog.2022.109031,collected:openalex,,verified,openalex_primary_location,https://linkinghub.elsevier.com/retrieve/pii/S0031320322005118,landing_page,2026-06-19T14:06:39.556114+00:00,text/html;charset=UTF-8,,no,,"provider=openalex; provider_id=https://openalex.org/W4294838927; source_rank=50; retrieval_date=2026-06-19; screening_confidence=high; screening_reason=Deterministic title-strict tier-0 retrieval match: anchor and all main topics matched in the title.; screening_status=deterministic_include; title_anchor_present=yes; title_relevance_tier=0; title_matched_main_topics=alzheimers_disease; artificial_intelligence; source_query=(""Alzheimer's disease"" OR Alzheimer's OR ""Alzheimer disease"" OR ""prodromal Alzheimer's disease"" OR ""preclinical Alzheimer's disease"" OR ""dementia due to Alzheimer's disease"") AND (""artificial intelligence"" OR AI OR ""machine learning"" OR ""deep learning"" OR ""neural network"" OR ""natural language processing"" OR ""computer vision"" OR ""computational intelligence""); source_query_reason=Tier 0: anchor and all main topics.; dedupe_key=doi:10.1016/j.patcog.2022.109031; duplicate_count=1; in_fetch_duplicate_count=1; topic_main_matches=alzheimers_disease=Alzheimer disease@title|Alzheimer@title|Alzheimer's disease@title|Alzheimer's@title, artificial_intelligence=neural network@title",no,yes,missing_abstract
10_1007_978_981_15_5546_6_50,Deep Learning-Based Alzheimer Disease Detection,2020,10.1007/978-981-15-5546-6_50,,Swathi S. Kundaram; Ketki C. Pathak,Lecture notes in electrical engineering,https://doi.org/10.1007/978-981-15-5546-6_50,collected:openalex,,verified,openalex_primary_location,https://link.springer.com/chapter/10.1007/978-981-15-5546-6_50?error=cookies_not_supported&code=f29fb7a3-6f02-488a-a31b-055b0a87beea,landing_page,2026-06-19T14:06:39.621436+00:00,text/html; charset=utf-8,,no,,"provider=openalex; provider_id=https://openalex.org/W3181011402; source_rank=51; retrieval_date=2026-06-19; screening_confidence=high; screening_reason=Deterministic title-strict tier-0 retrieval match: anchor and all main topics matched in the title.; screening_status=deterministic_include; title_anchor_present=yes; title_relevance_tier=0; title_matched_main_topics=alzheimers_disease; artificial_intelligence; source_query=(""Alzheimer's disease"" OR Alzheimer's OR ""Alzheimer disease"" OR ""prodromal Alzheimer's disease"" OR ""preclinical Alzheimer's disease"" OR ""dementia due to Alzheimer's disease"") AND (""artificial intelligence"" OR AI OR ""machine learning"" OR ""deep learning"" OR ""neural network"" OR ""natural language processing"" OR ""computer vision"" OR ""computational intelligence""); source_query_reason=Tier 0: anchor and all main topics.; dedupe_key=doi:10.1007/978-981-15-5546-6_50; duplicate_count=1; in_fetch_duplicate_count=1; topic_main_matches=alzheimers_disease=Alzheimer disease@title|Alzheimer@title, artificial_intelligence=deep learning@title",no,yes,missing_abstract
10_1007_s00500_022_06762_0,RETRACTED ARTICLE: Diagnosis and classification of Alzheimer's disease by using a convolution neural network algorithm,2022,10.1007/s00500-022-06762-0,,Mosleh Hmoud Al-Adhaileh,Soft Computing,https://doi.org/10.1007/s00500-022-06762-0,collected:openalex,,verified,openalex_primary_location,https://link.springer.com/article/10.1007/s00500-022-06762-0?error=cookies_not_supported&code=bab86712-42c8-4b63-ac26-2f26573c75ba,landing_page,2026-06-19T14:06:39.769097+00:00,text/html; charset=utf-8,,no,,"provider=openalex; provider_id=https://openalex.org/W4220791357; source_rank=52; retrieval_date=2026-06-19; screening_confidence=high; screening_reason=Deterministic title-strict tier-0 retrieval match: anchor and all main topics matched in the title.; screening_status=deterministic_include; title_anchor_present=yes; title_relevance_tier=0; title_matched_main_topics=alzheimers_disease; artificial_intelligence; source_query=(""Alzheimer's disease"" OR Alzheimer's OR ""Alzheimer disease"" OR ""prodromal Alzheimer's disease"" OR ""preclinical Alzheimer's disease"" OR ""dementia due to Alzheimer's disease"") AND (""artificial intelligence"" OR AI OR ""machine learning"" OR ""deep learning"" OR ""neural network"" OR ""natural language processing"" OR ""computer vision"" OR ""computational intelligence""); source_query_reason=Tier 0: anchor and all main topics.; dedupe_key=doi:10.1007/s00500-022-06762-0; duplicate_count=1; in_fetch_duplicate_count=1; topic_main_matches=alzheimers_disease=Alzheimer disease@title|Alzheimer@title|Alzheimer's disease@title|Alzheimer's@title, artificial_intelligence=neural network@title",no,yes,missing_abstract
10_1042_etls20210249,"Applied machine learning in Alzheimer's disease research: omics, imaging, and clinical data",2021,10.1042/etls20210249,"Alzheimer's disease (AD) remains a devastating neurodegenerative disease with few preventive or curative treatments available. Modern technology developments of high-throughput omics platforms and imaging equipment provide unprecedented opportunities to study the etiology and progression of this disease. Meanwhile, the vast amount of data from various modalities, such as genetics, proteomics, transcriptomics, and imaging, as well as clinical features impose great challenges in data integration and analysis. Machine learning (ML) methods offer novel techniques to address high dimensional data, integrate data from different sources, model the etiological and clinical heterogeneity, and discover new biomarkers. These directions have the potential to help us better manage the disease progression and develop novel treatment strategies. This mini-review paper summarizes different ML methods that have been applied to study AD using single-platform or multi-modal data. We review the current state of ML applications for five key directions of AD research: disease classification, drug repurposing, subtyping, progression prediction, and biomarker discovery. This summary provides insights about the current research status of ML-based AD research and highlights potential directions for future research.",Ziyi Li; Xiaoqian Jiang; Yizhuo Wang; Yejin Kim,Emerging Topics in Life Sciences,https://doi.org/10.1042/etls20210249,collected:openalex,,verified,openalex_location,https://pubmed.ncbi.nlm.nih.gov/34881778/,landing_page,2026-06-19T14:06:32.101657+00:00,text/html; charset=utf-8,,no,,"provider=openalex; provider_id=https://openalex.org/W4200330357; source_rank=53; retrieval_date=2026-06-19; screening_confidence=high; screening_reason=Deterministic title-strict tier-0 retrieval match: anchor and all main topics matched in the title.; screening_status=deterministic_include; title_anchor_present=yes; title_relevance_tier=0; title_matched_main_topics=alzheimers_disease; artificial_intelligence; source_query=(""Alzheimer's disease"" OR Alzheimer's OR ""Alzheimer disease"" OR ""prodromal Alzheimer's disease"" OR ""preclinical Alzheimer's disease"" OR ""dementia due to Alzheimer's disease"") AND (""artificial intelligence"" OR AI OR ""machine learning"" OR ""deep learning"" OR ""neural network"" OR ""natural language processing"" OR ""computer vision"" OR ""computational intelligence""); source_query_reason=Tier 0: anchor and all main topics.; dedupe_key=doi:10.1042/etls20210249; duplicate_count=1; in_fetch_duplicate_count=1; topic_main_matches=alzheimers_disease=Alzheimer disease@title|Alzheimer@title|Alzheimer's disease@title|Alzheimer's@title, artificial_intelligence=machine learning@title",yes,yes,
10_1016_j_cmpb_2020_105765,Influence of medical domain knowledge on deep learning for Alzheimer's disease prediction,2020,10.1016/j.cmpb.2020.105765,,Branimir Ljubic; Shoumik Roychoudhury; Xi Hang Cao; Martin Pavlovski; Stefan Obradovic; R. Radhakrishnan Nair; Lucas M. Glass; Zoran Obradović,Computer Methods and Programs in Biomedicine,https://doi.org/10.1016/j.cmpb.2020.105765,collected:openalex,,verified,openalex_open_access,https://pmc.ncbi.nlm.nih.gov/articles/PMC7502243/,landing_page,2026-06-19T14:06:39.810248+00:00,text/html; charset=utf-8,,yes,,"provider=openalex; provider_id=https://openalex.org/W3088921056; source_rank=55; retrieval_date=2026-06-19; screening_confidence=high; screening_reason=Deterministic title-strict tier-0 retrieval match: anchor and all main topics matched in the title.; screening_status=deterministic_include; title_anchor_present=yes; title_relevance_tier=0; title_matched_main_topics=alzheimers_disease; artificial_intelligence; source_query=(""Alzheimer's disease"" OR Alzheimer's OR ""Alzheimer disease"" OR ""prodromal Alzheimer's disease"" OR ""preclinical Alzheimer's disease"" OR ""dementia due to Alzheimer's disease"") AND (""artificial intelligence"" OR AI OR ""machine learning"" OR ""deep learning"" OR ""neural network"" OR ""natural language processing"" OR ""computer vision"" OR ""computational intelligence""); source_query_reason=Tier 0: anchor and all main topics.; dedupe_key=doi:10.1016/j.cmpb.2020.105765; duplicate_count=1; in_fetch_duplicate_count=1; topic_main_matches=alzheimers_disease=Alzheimer disease@title|Alzheimer@title|Alzheimer's disease@title|Alzheimer's@title, artificial_intelligence=deep learning@title",no,yes,missing_abstract
10_1109_jerm_2021_3096172,Classification of Alzheimer's Disease Using RF Signals and Machine Learning,2021,10.1109/jerm.2021.3096172,"<bold xmlns:mml=""http://www.w3.org/1998/Math/MathML"" xmlns:xlink=""http://www.w3.org/1999/xlink"">Objectives:</b> Alzheimer's disease is one of the most fastest growing and costly diseases in the world today. It affects the livelihood of not just patients, but those who take care of them, including care givers, nurses, and close family members. Current progression monitoring techniques are based on MRI and PET scans which are inconvenient for patients to use. In addition, more intelligent and efficient methods are needed to predict what the current stage of the disease is and strategies on how to slow down its progress over time. <bold xmlns:mml=""http://www.w3.org/1998/Math/MathML"" xmlns:xlink=""http://www.w3.org/1999/xlink"">Technology or Method:</b> In this paper, machine learning was used with S-parameter data obtained from 6 antennas that were placed around the head to noninvasively capture changes in the brain in the presence of Alzheimer's disease pathology. Measurements were conducted for 9 different human models that varied in head sizes. The data was processed in several machine learning algorithms. Each algorithm's prediction and accuracy score were generated, and the results were compared to determine which machine learning algorithm could be used to efficiently classify different stages of Alzheimer's disease. <bold xmlns:mml=""http://www.w3.org/1998/Math/MathML"" xmlns:xlink=""http://www.w3.org/1999/xlink"">Results:</b> Results from the study showed that overall, the logistic regression model had the best accuracy of 98.97% and efficiency in differentiating between 4 different stages of Alzheimer's disease. <bold xmlns:mml=""http://www.w3.org/1998/Math/MathML"" xmlns:xlink=""http://www.w3.org/1999/xlink"">Clinical or Biological Impact:</b> The results obtained here provide a transformative approach to clinics and monitoring systems where machine learning can be integrated with noninvasive microwave medical sensors and systems to intelligently predict the stage of Alzheimer's disease in the brain.",Imran Saied; Tughrul Arslan; Siddharthan Chandran,IEEE Journal of Electromagnetics RF and Microwaves in Medicine and Biology,https://doi.org/10.1109/jerm.2021.3096172,collected:openalex,,verified,openalex_best_oa_location,https://www.research.ed.ac.uk/en/publications/classification-of-alzheimers-disease-using-rf-signals-and-machine/,landing_page,2026-06-19T14:06:31.903723+00:00,text/html;charset=UTF-8,other-oa,yes,,"provider=openalex; provider_id=https://openalex.org/W3179275421; source_rank=56; retrieval_date=2026-06-19; screening_confidence=high; screening_reason=Deterministic title-strict tier-0 retrieval match: anchor and all main topics matched in the title.; screening_status=deterministic_include; title_anchor_present=yes; title_relevance_tier=0; title_matched_main_topics=alzheimers_disease; artificial_intelligence; source_query=(""Alzheimer's disease"" OR Alzheimer's OR ""Alzheimer disease"" OR ""prodromal Alzheimer's disease"" OR ""preclinical Alzheimer's disease"" OR ""dementia due to Alzheimer's disease"") AND (""artificial intelligence"" OR AI OR ""machine learning"" OR ""deep learning"" OR ""neural network"" OR ""natural language processing"" OR ""computer vision"" OR ""computational intelligence""); source_query_reason=Tier 0: anchor and all main topics.; dedupe_key=doi:10.1109/jerm.2021.3096172; duplicate_count=1; in_fetch_duplicate_count=1; topic_main_matches=alzheimers_disease=Alzheimer disease@title|Alzheimer@title|Alzheimer's disease@title|Alzheimer's@title, artificial_intelligence=machine learning@title",yes,yes,
10_1016_j_sab_2020_105931,Diagnosis of Alzheimer's disease using laser-induced breakdown spectroscopy and machine learning,2020,10.1016/j.sab.2020.105931,,R. Gaudiuso; Ebo Ewusi-Annan; Weiming Xia; Noureddine Melikechi,Spectrochimica Acta Part B Atomic Spectroscopy,https://doi.org/10.1016/j.sab.2020.105931,collected:openalex,,verified,openalex_open_access,https://www.osti.gov/biblio/2279717,landing_page,2026-06-19T14:06:40.238067+00:00,text/html;charset=UTF-8,,yes,,"provider=openalex; provider_id=https://openalex.org/W3043143645; source_rank=57; retrieval_date=2026-06-19; screening_confidence=high; screening_reason=Deterministic title-strict tier-0 retrieval match: anchor and all main topics matched in the title.; screening_status=deterministic_include; title_anchor_present=yes; title_relevance_tier=0; title_matched_main_topics=alzheimers_disease; artificial_intelligence; source_query=(""Alzheimer's disease"" OR Alzheimer's OR ""Alzheimer disease"" OR ""prodromal Alzheimer's disease"" OR ""preclinical Alzheimer's disease"" OR ""dementia due to Alzheimer's disease"") AND (""artificial intelligence"" OR AI OR ""machine learning"" OR ""deep learning"" OR ""neural network"" OR ""natural language processing"" OR ""computer vision"" OR ""computational intelligence""); source_query_reason=Tier 0: anchor and all main topics.; dedupe_key=doi:10.1016/j.sab.2020.105931; duplicate_count=1; in_fetch_duplicate_count=1; topic_main_matches=alzheimers_disease=Alzheimer disease@title|Alzheimer@title|Alzheimer's disease@title|Alzheimer's@title, artificial_intelligence=machine learning@title",no,yes,missing_abstract
10_1109_cbms49503_2020_00020,3D Convolutional Neural Networks for Diagnosis of Alzheimer's Disease via Structural MRI,2020,10.1109/cbms49503.2020.00020,"Alzheimer's Disease (AD) is a widespread neurodegenerative disease caused by structural changes in the brain and leads to deterioration of cognitive functions. Patients usually experience diagnostic symptoms at later stages after irreversible neural damage occurs. Therefore, early detection of AD is crucial to start treatments to decelerate the progress of the disease and to maximize patients' quality of life. With the rapid advances in machine learning and scanning, early detection of AD may be possible via computer-assisted systems using neuroimaging data. Among all, deep learning utilizing magnetic resonance imaging (MRI) has become a prominent tool due to its capability to extract high-level features through local connectivity, weight sharing, and spatial invariance. This paper describes our investigation of the classification accuracy based on two publicly available data sets, namely, ADNI and OASIS, by building a 3D VGG variant convolutional network (CNN). We used 3D models to avoid information loss, which occurs during the process of slicing 3D MRI into 2D images and analyzing them by 2D convolutional filters. We also conducted a pre-processing of the data to enhance the effectiveness and classification performance of the model. The proposed model achieved 73.4% classification accuracy on ADNI and 69.9% on OASIS dataset with 5-fold cross-validation (CV), outperforming 2D network models.",Ekin Yağış; Luca Citi; Stefano Diciotti; Chiara Marzi; Selamawet Workalemahu Atnafu; Alba García Seco de Herrera,,https://doi.org/10.1109/cbms49503.2020.00020,collected:openalex,,verified,openalex_primary_location,https://ieeexplore.ieee.org/document/9183323/,landing_page,2026-06-19T14:06:31.851968+00:00,text/html; charset=UTF-8,,no,,"provider=openalex; provider_id=https://openalex.org/W3042774130; source_rank=58; retrieval_date=2026-06-19; screening_confidence=high; screening_reason=Deterministic title-strict tier-0 retrieval match: anchor and all main topics matched in the title.; screening_status=deterministic_include; title_anchor_present=yes; title_relevance_tier=0; title_matched_main_topics=alzheimers_disease; artificial_intelligence; source_query=(""Alzheimer's disease"" OR Alzheimer's OR ""Alzheimer disease"" OR ""prodromal Alzheimer's disease"" OR ""preclinical Alzheimer's disease"" OR ""dementia due to Alzheimer's disease"") AND (""artificial intelligence"" OR AI OR ""machine learning"" OR ""deep learning"" OR ""neural network"" OR ""natural language processing"" OR ""computer vision"" OR ""computational intelligence""); source_query_reason=Tier 0: anchor and all main topics.; dedupe_key=doi:10.1109/cbms49503.2020.00020; duplicate_count=1; in_fetch_duplicate_count=1; topic_main_matches=alzheimers_disease=Alzheimer disease@title|Alzheimer@title|Alzheimer's disease@title|Alzheimer's@title, artificial_intelligence=neural network@title|neural networks@title",yes,yes,
10_3389_fneur_2020_576194,Comparison of Transfer Learning and Conventional Machine Learning Applied to Structural Brain MRI for the Early Diagnosis and Prognosis of Alzheimer's Disease,2020,10.3389/fneur.2020.576194,"Alzheimer's Disease (AD) is the most common neurodegenerative disease, with 10% prevalence in the elder population. Conventional Machine Learning (ML) was proven effective in supporting the diagnosis of AD, while very few studies investigated the performance of deep learning and transfer learning in this complex task. In this paper, we evaluated the potential of ensemble transfer-learning techniques, pretrained on generic images and then transferred to structural brain MRI, for the early diagnosis and prognosis of AD, with respect to a fusion of conventional-ML approaches based on Support Vector Machine directly applied to structural brain MRI. Specifically, more than 600 subjects were obtained from the ADNI repository, including AD, Mild Cognitive Impaired converting to AD (MCIc), Mild Cognitive Impaired not converting to AD (MCInc), and cognitively-normal (CN) subjects. We used T1-weighted cerebral-MRI studies to train: (1) an ensemble of five transfer-learning architectures pretrained on generic images; (2) a 3D Convolutional Neutral Network (CNN) trained from scratch on MRI volumes; and (3) a fusion of two conventional-ML classifiers derived from different feature extraction/selection techniques coupled to SVM. The AD-vs-CN, MCIc-vs-CN, MCIc-vs-MCInc comparisons were investigated. The ensemble transfer-learning approach was able to effectively discriminate AD from CN with 90.2% AUC, MCIc from CN with 83.2% AUC, and MCIc from MCInc with 70.6% AUC, showing comparable or slightly lower results with the fusion of conventional-ML systems (AD from CN with 93.1% AUC, MCIc from CN with 89.6% AUC, and MCIc from MCInc with AUC in the range of 69.1-73.3%). The deep-learning network trained from scratch obtained lower performance than either the fusion of conventional-ML systems and the ensemble transfer-learning, due to the limited sample of images used for training. These results open new prospective on the use of transfer learning combined with neuroimages for the automatic early diagnosis and prognosis of AD, even if pretrained on generic images.",Loris Nanni; Matteo Interlenghi; Sheryl Brahnam; Christian Salvatore; Sergio Papa; Raffaello Nemni; Isabella Castiglioni; The Alzheimer's Disease Neuroimaging Initiative,Frontiers in Neurology,https://doi.org/10.3389/fneur.2020.576194,collected:openalex,,verified,openalex_open_access,https://www.frontiersin.org/journals/neurology/articles/10.3389/fneur.2020.576194/pdf,pdf,2026-06-19T14:06:31.944205+00:00,application/pdf,,yes,,"provider=openalex; provider_id=https://openalex.org/W3095441110; source_rank=59; retrieval_date=2026-06-19; screening_confidence=high; screening_reason=Deterministic title-strict tier-0 retrieval match: anchor and all main topics matched in the title.; screening_status=deterministic_include; title_anchor_present=yes; title_relevance_tier=0; title_matched_main_topics=alzheimers_disease; artificial_intelligence; source_query=(""Alzheimer's disease"" OR Alzheimer's OR ""Alzheimer disease"" OR ""prodromal Alzheimer's disease"" OR ""preclinical Alzheimer's disease"" OR ""dementia due to Alzheimer's disease"") AND (""artificial intelligence"" OR AI OR ""machine learning"" OR ""deep learning"" OR ""neural network"" OR ""natural language processing"" OR ""computer vision"" OR ""computational intelligence""); source_query_reason=Tier 0: anchor and all main topics.; dedupe_key=doi:10.3389/fneur.2020.576194; duplicate_count=1; in_fetch_duplicate_count=1; topic_main_matches=alzheimers_disease=Alzheimer disease@title|Alzheimer@title|Alzheimer's disease@title|Alzheimer's@title, artificial_intelligence=machine learning@title",yes,yes,
10_1007_s00521_022_07501_0,Deep learning and multimodal feature fusion for the aided diagnosis of Alzheimer's disease,2022,10.1007/s00521-022-07501-0,,Hongfei Jia; Huan Lao,Neural Computing and Applications,https://doi.org/10.1007/s00521-022-07501-0,collected:openalex,,verified,openalex_primary_location,https://link.springer.com/article/10.1007/s00521-022-07501-0?error=cookies_not_supported&code=8c740b2e-0ae9-43ff-9d81-7e1bd3b307fb,landing_page,2026-06-19T14:06:40.238504+00:00,text/html; charset=utf-8,,no,,"provider=openalex; provider_id=https://openalex.org/W4285727776; source_rank=60; retrieval_date=2026-06-19; screening_confidence=high; screening_reason=Deterministic title-strict tier-0 retrieval match: anchor and all main topics matched in the title.; screening_status=deterministic_include; title_anchor_present=yes; title_relevance_tier=0; title_matched_main_topics=alzheimers_disease; artificial_intelligence; source_query=(""Alzheimer's disease"" OR Alzheimer's OR ""Alzheimer disease"" OR ""prodromal Alzheimer's disease"" OR ""preclinical Alzheimer's disease"" OR ""dementia due to Alzheimer's disease"") AND (""artificial intelligence"" OR AI OR ""machine learning"" OR ""deep learning"" OR ""neural network"" OR ""natural language processing"" OR ""computer vision"" OR ""computational intelligence""); source_query_reason=Tier 0: anchor and all main topics.; dedupe_key=doi:10.1007/s00521-022-07501-0; duplicate_count=1; in_fetch_duplicate_count=1; topic_main_matches=alzheimers_disease=Alzheimer disease@title|Alzheimer@title|Alzheimer's disease@title|Alzheimer's@title, artificial_intelligence=deep learning@title",no,yes,missing_abstract
10_1016_j_bios_2024_116128,Surface-functionalized SERS platform for deep learning-assisted diagnosis of Alzheimer's disease,2024,10.1016/j.bios.2024.116128,,Minjoon Kim; Sejoon Huh; Hyung Joon Park; Seunghee H. Cho; Min‐Young Lee; Sungho Jo; Yeon Sik Jung,Biosensors and Bioelectronics,https://doi.org/10.1016/j.bios.2024.116128,collected:openalex,,verified,openalex_primary_location,https://linkinghub.elsevier.com/retrieve/pii/S0956566324001337,landing_page,2026-06-19T14:06:40.508913+00:00,text/html;charset=UTF-8,,no,,"provider=openalex; provider_id=https://openalex.org/W4391755449; source_rank=61; retrieval_date=2026-06-19; screening_confidence=high; screening_reason=Deterministic title-strict tier-0 retrieval match: anchor and all main topics matched in the title.; screening_status=deterministic_include; title_anchor_present=yes; title_relevance_tier=0; title_matched_main_topics=alzheimers_disease; artificial_intelligence; source_query=(""Alzheimer's disease"" OR Alzheimer's OR ""Alzheimer disease"" OR ""prodromal Alzheimer's disease"" OR ""preclinical Alzheimer's disease"" OR ""dementia due to Alzheimer's disease"") AND (""artificial intelligence"" OR AI OR ""machine learning"" OR ""deep learning"" OR ""neural network"" OR ""natural language processing"" OR ""computer vision"" OR ""computational intelligence""); source_query_reason=Tier 0: anchor and all main topics.; dedupe_key=doi:10.1016/j.bios.2024.116128; duplicate_count=1; in_fetch_duplicate_count=1; topic_main_matches=alzheimers_disease=Alzheimer disease@title|Alzheimer@title|Alzheimer's disease@title|Alzheimer's@title, artificial_intelligence=deep learning@title",no,yes,missing_abstract
10_19101_ijacr_2021_1152001,Multi-classification of alzheimer disease on magnetic resonance images (MRI) using deep convolutional neural network (DCNN) approaches,2021,10.19101/ijacr.2021.1152001,extraction and classification networks are combined together and trained end-to-end in DCNN. Deep learning techniques were also being applied to medical image classification and computer-aided diagnosis tools.,Sunday Adeola Ajagbe; Kamorudeen A. Amuda; Matthew Abiola Oladipupo; Oluwaseyi F. Afe; Kikelomo I. Okesola,International Journal of Advanced Computer Research,https://doi.org/10.19101/ijacr.2021.1152001,collected:openalex,,verified,openalex_open_access,https://accentsjournals.org/PaperDirectory/Journal/IJACR/2021/3/2.pdf,pdf,2026-06-19T14:06:31.999948+00:00,application/pdf,,yes,,"provider=openalex; provider_id=https://openalex.org/W3150382221; source_rank=62; retrieval_date=2026-06-19; screening_confidence=high; screening_reason=Deterministic title-strict tier-0 retrieval match: anchor and all main topics matched in the title.; screening_status=deterministic_include; title_anchor_present=yes; title_relevance_tier=0; title_matched_main_topics=alzheimers_disease; artificial_intelligence; source_query=(""Alzheimer's disease"" OR Alzheimer's OR ""Alzheimer disease"" OR ""prodromal Alzheimer's disease"" OR ""preclinical Alzheimer's disease"" OR ""dementia due to Alzheimer's disease"") AND (""artificial intelligence"" OR AI OR ""machine learning"" OR ""deep learning"" OR ""neural network"" OR ""natural language processing"" OR ""computer vision"" OR ""computational intelligence""); source_query_reason=Tier 0: anchor and all main topics.; dedupe_key=doi:10.19101/ijacr.2021.1152001; duplicate_count=1; in_fetch_duplicate_count=1; topic_main_matches=alzheimers_disease=Alzheimer disease@title|Alzheimer@title, artificial_intelligence=neural network@title",yes,yes,
10_1016_j_heliyon_2021_e06226,Hippocampus segmentation on epilepsy and Alzheimer's disease studies with multiple convolutional neural networks,2021,10.1016/j.heliyon.2021.e06226,"Background: Hippocampus segmentation on magnetic resonance imaging is of key importance for the diagnosis, treatment decision and investigation of neuropsychiatric disorders. Automatic segmentation is an active research field, with many recent models using deep learning. Most current state-of-the art hippocampus segmentation methods train their methods on healthy or Alzheimer's disease patients from public datasets. This raises the question whether these methods are capable of recognizing the hippocampus on a different domain, that of epilepsy patients with hippocampus resection. New Method: In this paper we present a state-of-the-art, open source, ready-to-use, deep learning based hippocampus segmentation method. It uses an extended 2D multi-orientation approach, with automatic pre-processing and orientation alignment. The methodology was developed and validated using HarP, a public Alzheimer's disease hippocampus segmentation dataset. Results and Comparisons: We test this methodology alongside other recent deep learning methods, in two domains: The HarP test set and an in-house epilepsy dataset, containing hippocampus resections, named HCUnicamp. We show that our method, while trained only in HarP, surpasses others from the literature in both the HarP test set and HCUnicamp in Dice. Additionally, Results from training and testing in HCUnicamp volumes are also reported separately, alongside comparisons between training and testing in epilepsy and Alzheimer's data and vice versa. Conclusion: Although current state-of-the-art methods, including our own, achieve upwards of 0.9 Dice in HarP, all tested methods, including our own, produced false positives in HCUnicamp resection regions, showing that there is still room for improvement for hippocampus segmentation methods when resection is involved.",Diedre Carmo; Bruna Silva; Clarissa Yasuda; Letícia Rittner; Roberto Lotufo,Heliyon,https://doi.org/10.1016/j.heliyon.2021.e06226,collected:openalex,,verified,openalex_best_oa_location,https://linkinghub.elsevier.com/retrieve/pii/S2405844021003315,landing_page,2026-06-19T14:06:38.563166+00:00,text/html;charset=UTF-8,cc-by,yes,,"provider=openalex; provider_id=https://openalex.org/W3000333530; source_rank=63; retrieval_date=2026-06-19; screening_confidence=high; screening_reason=Deterministic title-strict tier-0 retrieval match: anchor and all main topics matched in the title.; screening_status=deterministic_include; title_anchor_present=yes; title_relevance_tier=0; title_matched_main_topics=alzheimers_disease; artificial_intelligence; source_query=(""Alzheimer's disease"" OR Alzheimer's OR ""Alzheimer disease"" OR ""prodromal Alzheimer's disease"" OR ""preclinical Alzheimer's disease"" OR ""dementia due to Alzheimer's disease"") AND (""artificial intelligence"" OR AI OR ""machine learning"" OR ""deep learning"" OR ""neural network"" OR ""natural language processing"" OR ""computer vision"" OR ""computational intelligence""); source_query_reason=Tier 0: anchor and all main topics.; dedupe_key=doi:10.1016/j.heliyon.2021.e06226; duplicate_count=1; in_fetch_duplicate_count=1; topic_main_matches=alzheimers_disease=Alzheimer disease@title|Alzheimer@title|Alzheimer's disease@title|Alzheimer's@title, artificial_intelligence=neural network@title|neural networks@title",yes,yes,
10_1016_j_compbiomed_2024_108035,A hybrid multimodal machine learning model for Detecting Alzheimer's disease,2024,10.1016/j.compbiomed.2024.108035,,Jinhua Sheng; Qian Zhang; Qiao Zhang; Luyun Wang; Ze Yang; Xin Yu; Binbing Wang,Computers in Biology and Medicine,https://doi.org/10.1016/j.compbiomed.2024.108035,collected:openalex,,verified,openalex_primary_location,https://linkinghub.elsevier.com/retrieve/pii/S0010482524001197,landing_page,2026-06-19T14:06:40.759765+00:00,text/html;charset=UTF-8,,no,,"provider=openalex; provider_id=https://openalex.org/W4391513260; source_rank=64; retrieval_date=2026-06-19; screening_confidence=high; screening_reason=Deterministic title-strict tier-0 retrieval match: anchor and all main topics matched in the title.; screening_status=deterministic_include; title_anchor_present=yes; title_relevance_tier=0; title_matched_main_topics=alzheimers_disease; artificial_intelligence; source_query=(""Alzheimer's disease"" OR Alzheimer's OR ""Alzheimer disease"" OR ""prodromal Alzheimer's disease"" OR ""preclinical Alzheimer's disease"" OR ""dementia due to Alzheimer's disease"") AND (""artificial intelligence"" OR AI OR ""machine learning"" OR ""deep learning"" OR ""neural network"" OR ""natural language processing"" OR ""computer vision"" OR ""computational intelligence""); source_query_reason=Tier 0: anchor and all main topics.; dedupe_key=doi:10.1016/j.compbiomed.2024.108035; duplicate_count=1; in_fetch_duplicate_count=1; topic_main_matches=alzheimers_disease=Alzheimer disease@title|Alzheimer@title|Alzheimer's disease@title|Alzheimer's@title, artificial_intelligence=machine learning@title",no,yes,missing_abstract
10_1093_jamiaopen_ooab052,Machine learning for modeling the progression of Alzheimer disease dementia using clinical data: a systematic literature review,2021,10.1093/jamiaopen/ooab052,"OBJECTIVE: Alzheimer disease (AD) is the most common cause of dementia, a syndrome characterized by cognitive impairment severe enough to interfere with activities of daily life. We aimed to conduct a systematic literature review (SLR) of studies that applied machine learning (ML) methods to clinical data derived from electronic health records in order to model risk for progression of AD dementia. MATERIALS AND METHODS: We searched for articles published between January 1, 2010, and May 31, 2020, in PubMed, Scopus, ScienceDirect, IEEE Explore Digital Library, Association for Computing Machinery Digital Library, and arXiv. We used predefined criteria to select relevant articles and summarized them according to key components of ML analysis such as data characteristics, computational algorithms, and research focus. RESULTS: There has been a considerable rise over the past 5 years in the number of research papers using ML-based analysis for AD dementia modeling. We reviewed 64 relevant articles in our SLR. The results suggest that majority of existing research has focused on predicting progression of AD dementia using publicly available datasets containing both neuroimaging and clinical data (neurobehavioral status exam scores, patient demographics, neuroimaging data, and laboratory test values). DISCUSSION: Identifying individuals at risk for progression of AD dementia could potentially help to personalize disease management to plan future care. Clinical data consisting of both structured data tables and clinical notes can be effectively used in ML-based approaches to model risk for AD dementia progression. Data sharing and reproducibility of results can enhance the impact, adaptation, and generalizability of this research.",Sayantan Kumar; Inez Y. Oh; Suzanne E. Schindler; Albert M. Lai; Philip Payne; Aditi Gupta,JAMIA Open,https://doi.org/10.1093/jamiaopen/ooab052,collected:openalex,,verified,openalex_location,https://pubmed.ncbi.nlm.nih.gov/34350389/,landing_page,2026-06-19T14:06:33.316532+00:00,text/html; charset=utf-8,,no,,"provider=openalex; provider_id=https://openalex.org/W3188044527; source_rank=65; retrieval_date=2026-06-19; screening_confidence=high; screening_reason=Deterministic title-strict tier-0 retrieval match: anchor and all main topics matched in the title.; screening_status=deterministic_include; title_anchor_present=yes; title_relevance_tier=0; title_matched_main_topics=alzheimers_disease; artificial_intelligence; source_query=(""Alzheimer's disease"" OR Alzheimer's OR ""Alzheimer disease"" OR ""prodromal Alzheimer's disease"" OR ""preclinical Alzheimer's disease"" OR ""dementia due to Alzheimer's disease"") AND (""artificial intelligence"" OR AI OR ""machine learning"" OR ""deep learning"" OR ""neural network"" OR ""natural language processing"" OR ""computer vision"" OR ""computational intelligence""); source_query_reason=Tier 0: anchor and all main topics.; dedupe_key=doi:10.1093/jamiaopen/ooab052; duplicate_count=1; in_fetch_duplicate_count=1; topic_main_matches=alzheimers_disease=Alzheimer disease@title|Alzheimer@title, artificial_intelligence=machine learning@title",yes,yes,
10_1145_3492865,A Comprehensive Report on Machine Learning-based Early Detection of Alzheimer's Disease using Multi-modal Neuroimaging Data,2022,10.1145/3492865,"Alzheimer's Disease (AD) is a devastating neurodegenerative brain disorder with no cure. An early identification helps patients with AD sustain a normal living. We have outlined machine learning (ML) methodologies with different schemes of feature extraction to synergize complementary and correlated characteristics of data acquired from multiple modalities of neuroimaging. A variety of feature selection, scaling, and fusion methodologies along with confronted challenges are elaborated for designing an ML-based AD diagnosis system. Additionally, thematic analysis has been provided to compare the ML workflow for possible diagnostic solutions. This comprehensive report adds value to the further advancement of computer-aided early diagnosis system based on multi-modal neuroimaging data from patients with AD.",Shallu Sharma; Pravat K. Mandal,ACM Computing Surveys,https://doi.org/10.1145/3492865,collected:openalex,,verified,openalex_primary_location,https://dl.acm.org/doi/10.1145/3492865,landing_page,2026-06-19T14:06:32.372970+00:00,text/html;charset=UTF-8,,no,,"provider=openalex; provider_id=https://openalex.org/W4220689216; source_rank=66; retrieval_date=2026-06-19; screening_confidence=high; screening_reason=Deterministic title-strict tier-0 retrieval match: anchor and all main topics matched in the title.; screening_status=deterministic_include; title_anchor_present=yes; title_relevance_tier=0; title_matched_main_topics=alzheimers_disease; artificial_intelligence; source_query=(""Alzheimer's disease"" OR Alzheimer's OR ""Alzheimer disease"" OR ""prodromal Alzheimer's disease"" OR ""preclinical Alzheimer's disease"" OR ""dementia due to Alzheimer's disease"") AND (""artificial intelligence"" OR AI OR ""machine learning"" OR ""deep learning"" OR ""neural network"" OR ""natural language processing"" OR ""computer vision"" OR ""computational intelligence""); source_query_reason=Tier 0: anchor and all main topics.; dedupe_key=doi:10.1145/3492865; duplicate_count=1; in_fetch_duplicate_count=1; topic_main_matches=alzheimers_disease=Alzheimer disease@title|Alzheimer@title|Alzheimer's disease@title|Alzheimer's@title, artificial_intelligence=machine learning@title",yes,yes,
10_1007_s12021_023_09625_7,Automatic Detection of Alzheimer's Disease using Deep Learning Models and Neuro-Imaging: Current Trends and Future Perspectives,2023,10.1007/s12021-023-09625-7,,T. Illakiya; R. Karthik,Neuroinformatics,https://doi.org/10.1007/s12021-023-09625-7,collected:openalex,,verified,openalex_primary_location,https://link.springer.com/article/10.1007/s12021-023-09625-7?error=cookies_not_supported&code=52d51e3e-1e04-4a81-9997-46274e9f90ec,landing_page,2026-06-19T14:06:40.945314+00:00,text/html; charset=utf-8,,no,,"provider=openalex; provider_id=https://openalex.org/W4323534860; source_rank=67; retrieval_date=2026-06-19; screening_confidence=high; screening_reason=Deterministic title-strict tier-0 retrieval match: anchor and all main topics matched in the title.; screening_status=deterministic_include; title_anchor_present=yes; title_relevance_tier=0; title_matched_main_topics=alzheimers_disease; artificial_intelligence; source_query=(""Alzheimer's disease"" OR Alzheimer's OR ""Alzheimer disease"" OR ""prodromal Alzheimer's disease"" OR ""preclinical Alzheimer's disease"" OR ""dementia due to Alzheimer's disease"") AND (""artificial intelligence"" OR AI OR ""machine learning"" OR ""deep learning"" OR ""neural network"" OR ""natural language processing"" OR ""computer vision"" OR ""computational intelligence""); source_query_reason=Tier 0: anchor and all main topics.; dedupe_key=doi:10.1007/s12021-023-09625-7; duplicate_count=1; in_fetch_duplicate_count=1; topic_main_matches=alzheimers_disease=Alzheimer disease@title|Alzheimer@title|Alzheimer's disease@title|Alzheimer's@title, artificial_intelligence=deep learning@title",no,yes,missing_abstract
10_1016_j_apsb_2025_07_030,"Artificial intelligence-driven multi-omics approaches in Alzheimer's disease: Progress, challenges, and future directions",2025,10.1016/j.apsb.2025.07.030,"Alzheimer's disease (AD) is a progressive neurodegenerative disorder characterized by cognitive decline and memory loss, with few effective treatments currently available. The multifactorial nature of AD, shaped by genetic, environmental, and biological factors, complicates both research and clinical management. Recent advances in artificial intelligence (AI) and multi-omics technologies provide new opportunities to elucidate the molecular mechanisms of AD and identify early biomarkers for diagnosis and prognosis. AI-driven approaches such as machine learning, deep learning, and network-based models have enabled the integration of large-scale genomic, transcriptomic, proteomic, metabolomic, and microbiomic datasets. These efforts have facilitated the discovery of novel molecular signatures and therapeutic targets. Methods including deep belief networks and joint deep semi-non-negative matrix factorization have contributed to improvements in disease classification and patient stratification. However, ongoing challenges remain. These include data heterogeneity, limited interpretability of complex models, a lack of large and diverse datasets, and insufficient clinical validation. The absence of standardized multi-omics data processing methods further restricts progress. This review systematically summarizes recent advances in AI-driven multi-omics research in AD, highlighting achievements in early diagnosis and biomarker discovery while discussing limitations and future directions needed to advance these approaches toward clinical application.",Fang Ren; Jing Wei; Qingxin Chen; Mengling Hu; Lu Yu; Jianing Mi; Xiaogang Zhou; Dalian Qin; Jianming Wu; Anguo Wu,Acta Pharmaceutica Sinica B,https://doi.org/10.1016/j.apsb.2025.07.030,collected:openalex,,verified,openalex_open_access,https://linkinghub.elsevier.com/retrieve/pii/S2211383525005088,landing_page,2026-06-19T14:06:32.484828+00:00,text/html;charset=UTF-8,,yes,,"provider=openalex; provider_id=https://openalex.org/W4412713891; source_rank=68; retrieval_date=2026-06-19; screening_confidence=high; screening_reason=Deterministic title-strict tier-0 retrieval match: anchor and all main topics matched in the title.; screening_status=deterministic_include; title_anchor_present=yes; title_relevance_tier=0; title_matched_main_topics=alzheimers_disease; artificial_intelligence; source_query=(""Alzheimer's disease"" OR Alzheimer's OR ""Alzheimer disease"" OR ""prodromal Alzheimer's disease"" OR ""preclinical Alzheimer's disease"" OR ""dementia due to Alzheimer's disease"") AND (""artificial intelligence"" OR AI OR ""machine learning"" OR ""deep learning"" OR ""neural network"" OR ""natural language processing"" OR ""computer vision"" OR ""computational intelligence""); source_query_reason=Tier 0: anchor and all main topics.; dedupe_key=doi:10.1016/j.apsb.2025.07.030; duplicate_count=1; in_fetch_duplicate_count=1; topic_main_matches=alzheimers_disease=Alzheimer disease@title|Alzheimer@title|Alzheimer's disease@title|Alzheimer's@title, artificial_intelligence=artificial intelligence@title",yes,yes,
10_1016_j_bspc_2023_105215,EAD-DNN: Early Alzheimer's disease prediction using deep neural networks,2023,10.1016/j.bspc.2023.105215,,Preethi Thangavel; Yuvaraj Natarajan; K. R. Sri Preethaa,Biomedical Signal Processing and Control,https://doi.org/10.1016/j.bspc.2023.105215,collected:openalex,,verified,openalex_primary_location,https://linkinghub.elsevier.com/retrieve/pii/S1746809423006481,landing_page,2026-06-19T14:06:41.038463+00:00,text/html;charset=UTF-8,,no,,"provider=openalex; provider_id=https://openalex.org/W4384197320; source_rank=69; retrieval_date=2026-06-19; screening_confidence=high; screening_reason=Deterministic title-strict tier-0 retrieval match: anchor and all main topics matched in the title.; screening_status=deterministic_include; title_anchor_present=yes; title_relevance_tier=0; title_matched_main_topics=alzheimers_disease; artificial_intelligence; source_query=(""Alzheimer's disease"" OR Alzheimer's OR ""Alzheimer disease"" OR ""prodromal Alzheimer's disease"" OR ""preclinical Alzheimer's disease"" OR ""dementia due to Alzheimer's disease"") AND (""artificial intelligence"" OR AI OR ""machine learning"" OR ""deep learning"" OR ""neural network"" OR ""natural language processing"" OR ""computer vision"" OR ""computational intelligence""); source_query_reason=Tier 0: anchor and all main topics.; dedupe_key=doi:10.1016/j.bspc.2023.105215; duplicate_count=1; in_fetch_duplicate_count=1; topic_main_matches=alzheimers_disease=Alzheimer disease@title|Alzheimer@title|Alzheimer's disease@title|Alzheimer's@title, artificial_intelligence=neural network@title|neural networks@title",no,yes,missing_abstract
10_3389_fnagi_2022_871706,Alzheimer's Disease Diagnosis With Brain Structural MRI Using Multiview-Slice Attention and 3D Convolution Neural Network,2022,10.3389/fnagi.2022.871706,"Numerous artificial intelligence (AI) based approaches have been proposed for automatic Alzheimer's disease (AD) prediction with brain structural magnetic resonance imaging (sMRI). Previous studies extract features from the whole brain or individual slices separately, ignoring the properties of multi-view slices and feature complementarity. For this reason, we present a novel AD diagnosis model based on the multiview-slice attention and 3D convolution neural network (3D-CNN). Specifically, we begin by extracting the local slice-level characteristic in various dimensions using multiple sub-networks. Then we proposed a slice-level attention mechanism to emphasize specific 2D-slices to exclude the redundancy features. After that, a 3D-CNN was employed to capture the global subject-level structural changes. Finally, all these 2D and 3D features were fused to obtain more discriminative representations. We conduct the experiments on 1,451 subjects from ADNI-1 and ADNI-2 datasets. Experimental results showed the superiority of our model over the state-of-the-art approaches regarding dementia classification. Specifically, our model achieves accuracy values of 91.1 and 80.1% on ADNI-1 for AD diagnosis and mild cognitive impairment (MCI) convention prediction, respectively.",Lin Chen; Hezhe Qiao; Fan Zhu,Frontiers in Aging Neuroscience,https://doi.org/10.3389/fnagi.2022.871706,collected:openalex,,verified,openalex_open_access,https://www.frontiersin.org/journals/aging-neuroscience/articles/10.3389/fnagi.2022.871706/pdf,pdf,2026-06-19T14:06:33.287358+00:00,application/pdf,,yes,,"provider=openalex; provider_id=https://openalex.org/W4224999602; source_rank=70; retrieval_date=2026-06-19; screening_confidence=high; screening_reason=Deterministic title-strict tier-0 retrieval match: anchor and all main topics matched in the title.; screening_status=deterministic_include; title_anchor_present=yes; title_relevance_tier=0; title_matched_main_topics=alzheimers_disease; artificial_intelligence; source_query=(""Alzheimer's disease"" OR Alzheimer's OR ""Alzheimer disease"" OR ""prodromal Alzheimer's disease"" OR ""preclinical Alzheimer's disease"" OR ""dementia due to Alzheimer's disease"") AND (""artificial intelligence"" OR AI OR ""machine learning"" OR ""deep learning"" OR ""neural network"" OR ""natural language processing"" OR ""computer vision"" OR ""computational intelligence""); source_query_reason=Tier 0: anchor and all main topics.; dedupe_key=doi:10.3389/fnagi.2022.871706; duplicate_count=1; in_fetch_duplicate_count=1; topic_main_matches=alzheimers_disease=Alzheimer disease@title|Alzheimer@title|Alzheimer's disease@title|Alzheimer's@title, artificial_intelligence=neural network@title",yes,yes,
10_1155_2021_6690539,Diagnosis of Alzheimer Disease Using 2D MRI Slices by Convolutional Neural Network,2021,10.1155/2021/6690539,"There are many kinds of brain abnormalities that cause changes in different parts of the brain. Alzheimer's disease is a chronic condition that degenerates the cells of the brain leading to memory asthenia. Cognitive mental troubles such as forgetfulness and confusion are one of the most important features of Alzheimer's patients. In the literature, several image processing techniques, as well as machine learning strategies, were introduced for the diagnosis of the disease. This study is aimed at recognizing the presence of Alzheimer's disease based on the magnetic resonance imaging of the brain. We adopted a deep learning methodology for the discrimination between Alzheimer's patients and healthy patients from 2D anatomical slices collected using magnetic resonance imaging. Most of the previous researches were based on the implementation of a 3D convolutional neural network, whereas we incorporated the usage of 2D slices as input to the convolutional neural network. The data set of this research was obtained from the OASIS website. We trained the convolutional neural network structure using the 2D slices to exhibit the deep network weightings that we named as the Alzheimer Network (AlzNet). The accuracy of our enhanced network was 99.30%. This work investigated the effects of many parameters on AlzNet, such as the number of layers, number of filters, and dropout rate. The results were interesting after using many performance metrics for evaluating the proposed AlzNet.",Fanar Emad Khazaal Al-Khuzaie; Oğuz Bayat; Adil Deniz Duru,Applied Bionics and Biomechanics,https://doi.org/10.1155/2021/6690539,collected:openalex,,verified,openalex_open_access,https://onlinelibrary.wiley.com/action/cookieAbsent,pdf,2026-06-19T14:06:33.290573+00:00,text/html;charset=UTF-8,,yes,,"provider=openalex; provider_id=https://openalex.org/W3126870425; source_rank=71; retrieval_date=2026-06-19; screening_confidence=high; screening_reason=Deterministic title-strict tier-0 retrieval match: anchor and all main topics matched in the title.; screening_status=deterministic_include; title_anchor_present=yes; title_relevance_tier=0; title_matched_main_topics=alzheimers_disease; artificial_intelligence; source_query=(""Alzheimer's disease"" OR Alzheimer's OR ""Alzheimer disease"" OR ""prodromal Alzheimer's disease"" OR ""preclinical Alzheimer's disease"" OR ""dementia due to Alzheimer's disease"") AND (""artificial intelligence"" OR AI OR ""machine learning"" OR ""deep learning"" OR ""neural network"" OR ""natural language processing"" OR ""computer vision"" OR ""computational intelligence""); source_query_reason=Tier 0: anchor and all main topics.; dedupe_key=doi:10.1155/2021/6690539; duplicate_count=1; in_fetch_duplicate_count=1; topic_main_matches=alzheimers_disease=Alzheimer disease@title|Alzheimer@title, artificial_intelligence=neural network@title",yes,yes,
10_3389_fnhum_2022_972773,A novel deep learning approach for diagnosing Alzheimer's disease based on eye-tracking data,2022,10.3389/fnhum.2022.972773,"Eye-tracking technology has become a powerful tool for biomedical-related applications due to its simplicity of operation and low requirements on patient language skills. This study aims to use the machine-learning models and deep-learning networks to identify key features of eye movements in Alzheimer's Disease (AD) under specific visual tasks, thereby facilitating computer-aided diagnosis of AD. Firstly, a three-dimensional (3D) visuospatial memory task is designed to provide participants with visual stimuli while their eye-movement data are recorded and used to build an eye-tracking dataset. Then, we propose a novel deep-learning-based model for identifying patients with Alzheimer's Disease (PwAD) and healthy controls (HCs) based on the collected eye-movement data. The proposed model utilizes a nested autoencoder network to extract the eye-movement features from the generated fixation heatmaps and a weight adaptive network layer for the feature fusion, which can preserve as much useful information as possible for the final binary classification. To fully verify the performance of the proposed model, we also design two types of models based on traditional machine-learning and typical deep-learning for comparison. Furthermore, we have also done ablation experiments to verify the effectiveness of each module of the proposed network. Finally, these models are evaluated by four-fold cross-validation on the built eye-tracking dataset. The proposed model shows 85% average accuracy in AD recognition, outperforming machine-learning methods and other typical deep-learning networks.",Jinglin Sun; Yu Liu; Hao Wu; Peiguang Jing; Yong Ji,Frontiers in Human Neuroscience,https://doi.org/10.3389/fnhum.2022.972773,collected:openalex,,verified,openalex_open_access,https://www.frontiersin.org/journals/human-neuroscience/articles/10.3389/fnhum.2022.972773/pdf,pdf,2026-06-19T14:06:33.296071+00:00,application/pdf,,yes,,"provider=openalex; provider_id=https://openalex.org/W4295093126; source_rank=72; retrieval_date=2026-06-19; screening_confidence=high; screening_reason=Deterministic title-strict tier-0 retrieval match: anchor and all main topics matched in the title.; screening_status=deterministic_include; title_anchor_present=yes; title_relevance_tier=0; title_matched_main_topics=alzheimers_disease; artificial_intelligence; source_query=(""Alzheimer's disease"" OR Alzheimer's OR ""Alzheimer disease"" OR ""prodromal Alzheimer's disease"" OR ""preclinical Alzheimer's disease"" OR ""dementia due to Alzheimer's disease"") AND (""artificial intelligence"" OR AI OR ""machine learning"" OR ""deep learning"" OR ""neural network"" OR ""natural language processing"" OR ""computer vision"" OR ""computational intelligence""); source_query_reason=Tier 0: anchor and all main topics.; dedupe_key=doi:10.3389/fnhum.2022.972773; duplicate_count=1; in_fetch_duplicate_count=1; topic_main_matches=alzheimers_disease=Alzheimer disease@title|Alzheimer@title|Alzheimer's disease@title|Alzheimer's@title, artificial_intelligence=deep learning@title",yes,yes,
10_1016_j_compbiomed_2024_109438,Multi-scale multimodal deep learning framework for Alzheimer's disease diagnosis,2024,10.1016/j.compbiomed.2024.109438,"Multimodal neuroimaging data, including magnetic resonance imaging (MRI) and positron emission tomography (PET), provides complementary information about the brain that can aid in Alzheimer's disease (AD) diagnosis. However, most existing deep learning methods still rely on patch-based extraction from neuroimaging data, which typically yields suboptimal performance due to its isolation from the subsequent network and does not effectively capture the varying scales of structural changes in the cerebrum. Moreover, these methods often simply concatenate multimodal data, ignoring the interactions between them that can highlight discriminative regions and thereby improve the diagnosis of AD. To tackle these issues, we develop a multimodal and multi-scale deep learning model that effectively leverages the interaction between the multimodal and multiscale of the neuroimaging data. First, we employ a convolutional neural network to embed each scale of the multimodal images. Second, we propose multimodal scale fusion mechanisms that utilize both multi-head self-attention and multi-head cross-attention, which capture global relations among the embedded features and weigh each modality's contribution to another, and hence enhancing feature extraction and interaction between each scale of MRI and PET images. Third, we introduce a cross-modality fusion module that includes a multi-head cross-attention to fuse MRI and PET data at different scales and promote global features from the previous attention layers. Finally, all the features from every scale are fused to discriminate between the different stages of AD. We evaluated our proposed method on the ADNI dataset, and the results show that our model achieves better performance than the state-of-the-art methods.",M. Abdel-Aziz; Tianfu Wang; Waqas Anwaar; Ahmed Elazab,Computers in Biology and Medicine,https://doi.org/10.1016/j.compbiomed.2024.109438,collected:openalex,,verified,openalex_open_access,https://linkinghub.elsevier.com/retrieve/pii/S0010482524015233,landing_page,2026-06-19T14:06:34.503569+00:00,text/html;charset=UTF-8,,yes,,"provider=openalex; provider_id=https://openalex.org/W4404629839; source_rank=73; retrieval_date=2026-06-19; screening_confidence=high; screening_reason=Deterministic title-strict tier-0 retrieval match: anchor and all main topics matched in the title.; screening_status=deterministic_include; title_anchor_present=yes; title_relevance_tier=0; title_matched_main_topics=alzheimers_disease; artificial_intelligence; source_query=(""Alzheimer's disease"" OR Alzheimer's OR ""Alzheimer disease"" OR ""prodromal Alzheimer's disease"" OR ""preclinical Alzheimer's disease"" OR ""dementia due to Alzheimer's disease"") AND (""artificial intelligence"" OR AI OR ""machine learning"" OR ""deep learning"" OR ""neural network"" OR ""natural language processing"" OR ""computer vision"" OR ""computational intelligence""); source_query_reason=Tier 0: anchor and all main topics.; dedupe_key=doi:10.1016/j.compbiomed.2024.109438; duplicate_count=1; in_fetch_duplicate_count=1; topic_main_matches=alzheimers_disease=Alzheimer disease@title|Alzheimer@title|Alzheimer's disease@title|Alzheimer's@title, artificial_intelligence=deep learning@title",yes,yes,
10_1016_j_bspc_2024_106023,A review of artificial intelligence methods for Alzheimer's disease diagnosis: Insights from neuroimaging to sensor data analysis,2024,10.1016/j.bspc.2024.106023,,Ikram Bazarbekov; Abdul Razaque; Madina Ipalakova; Joon Yoo; Zhanna Assipova; Ali Abd Almisreb,Biomedical Signal Processing and Control,https://doi.org/10.1016/j.bspc.2024.106023,collected:openalex,,verified,openalex_primary_location,https://linkinghub.elsevier.com/retrieve/pii/S1746809424000818,landing_page,2026-06-19T14:06:41.194959+00:00,text/html;charset=UTF-8,,no,,"provider=openalex; provider_id=https://openalex.org/W4391830477; source_rank=74; retrieval_date=2026-06-19; screening_confidence=high; screening_reason=Deterministic title-strict tier-0 retrieval match: anchor and all main topics matched in the title.; screening_status=deterministic_include; title_anchor_present=yes; title_relevance_tier=0; title_matched_main_topics=alzheimers_disease; artificial_intelligence; source_query=(""Alzheimer's disease"" OR Alzheimer's OR ""Alzheimer disease"" OR ""prodromal Alzheimer's disease"" OR ""preclinical Alzheimer's disease"" OR ""dementia due to Alzheimer's disease"") AND (""artificial intelligence"" OR AI OR ""machine learning"" OR ""deep learning"" OR ""neural network"" OR ""natural language processing"" OR ""computer vision"" OR ""computational intelligence""); source_query_reason=Tier 0: anchor and all main topics.; dedupe_key=doi:10.1016/j.bspc.2024.106023; duplicate_count=1; in_fetch_duplicate_count=1; topic_main_matches=alzheimers_disease=Alzheimer disease@title|Alzheimer@title|Alzheimer's disease@title|Alzheimer's@title, artificial_intelligence=artificial intelligence@title",no,yes,missing_abstract
10_1109_access_2022_3204395,ADD-Net: An Effective Deep Learning Model for Early Detection of Alzheimer Disease in MRI Scans,2022,10.1109/access.2022.3204395,"Alzheimer’s Disease (AD) is a neurological brain disorder marked by dementia and neurological dysfunction that affects memory, behavioral patterns, and reasoning. Alzheimer’s disease is an incurable disease that primarily affects people over the age of 40. Presently, Alzheimer’s disease is diagnosed through a manual evaluation of a patient’s MRI scan and neuropsychological examinations. Deep Learning (DL), a type of Artificial Intelligence (AI), has pioneered new approaches to automate medical image diagnosis. The goal of this study is to create a reliable and efficient approach for classifying AD using MRI by applying the deep Convolutional Neural Network (CNN). In this paper, we propose a new CNN architecture for detecting AD with relatively few parameters and the proposed solution is ideal for training a smaller dataset. This proposed model successfully distinguishes the early stages of Alzheimer’s disease and shows class activation maps as a heat map on the brain. The proposed Alzheimer’s Disease Detection Network (ADD-Net) is built from scratch to precisely classify the stages of AD by decreasing parameters and calculation costs. The Kaggle MRI image dataset has a significant class imbalance problem and we exploited a synthetic oversampling technique to evenly distribute the image among the classes to prevent the problem of class imbalance. The proposed ADD-Net is extensively evaluated against DenseNet169, VGG19, and InceptionResNet V2 using precision, recall, F1-score, Area Under the Curve (AUC), and loss. The ADD-Net achieved the following values for evaluation metrics: 98.63%, 99.76%, 98.61%, 98.63%, 98.58%, and 0.0549 for accuracy, AUC, F1-score, precision, recall, and loss, respectively. From the simulation results, it is noted that the proposed ADD-Net outperforms other state-of-the-art models in all the evaluation metrics.",Mian Muhammad Sadiq Fareed; Shahid Zikria; Gulnaz Ahmed; Mui-zzud-din; Saqib Mahmood; Muhammad Aslam; Syeda Fizzah Jillani; Ahmad Moustafa; Muhammad Asad,IEEE Access,https://doi.org/10.1109/access.2022.3204395,collected:openalex,,verified,openalex_best_oa_location,https://ieeexplore.ieee.org/document/9877809/,landing_page,2026-06-19T14:06:35.129404+00:00,text/html; charset=UTF-8,cc-by,yes,,"provider=openalex; provider_id=https://openalex.org/W4294691653; source_rank=76; retrieval_date=2026-06-19; screening_confidence=high; screening_reason=Deterministic title-strict tier-0 retrieval match: anchor and all main topics matched in the title.; screening_status=deterministic_include; title_anchor_present=yes; title_relevance_tier=0; title_matched_main_topics=alzheimers_disease; artificial_intelligence; source_query=(""Alzheimer's disease"" OR Alzheimer's OR ""Alzheimer disease"" OR ""prodromal Alzheimer's disease"" OR ""preclinical Alzheimer's disease"" OR ""dementia due to Alzheimer's disease"") AND (""artificial intelligence"" OR AI OR ""machine learning"" OR ""deep learning"" OR ""neural network"" OR ""natural language processing"" OR ""computer vision"" OR ""computational intelligence""); source_query_reason=Tier 0: anchor and all main topics.; dedupe_key=doi:10.1109/access.2022.3204395; duplicate_count=1; in_fetch_duplicate_count=1; topic_main_matches=alzheimers_disease=Alzheimer disease@title|Alzheimer@title, artificial_intelligence=deep learning@title",yes,yes,
10_1049_cps2_12090,A machine learning model for Alzheimer's disease prediction,2024,10.1049/cps2.12090,"Abstract Alzheimer’s disease (AD) is a neurodegenerative disorder that mostly affects old aged people. Its symptoms are initially mild, but they get worse over time. Although this health disease has no cure, its early diagnosis can help to reduce its impacts. A methodology SMOTE‐RF is proposed for AD prediction. Alzheimer's is predicted using machine learning algorithms. Performances of three algorithms decision tree, extreme gradient boosting (XGB), and random forest (RF) are evaluated in prediction. Open Access Series of Imaging Studies longitudinal dataset available on Kaggle is used for experiments. The dataset is balanced using synthetic minority oversampling technique. Experiments are done on both imbalanced and balanced datasets. Decision tree obtained 73.38% accuracy, XGB obtained 83.88% accuracy and RF obtained a maximum of 87.84% accuracy on the imbalanced dataset. Decision tree obtained 83.15% accuracy, XGB obtained 91.05% accuracy and RF obtained maximum 95.03% accuracy on the balanced dataset. A maximum accuracy of 95.03% is achieved with SMOTE‐RF.",Pooja Rani; Rohit Lamba; Ravi Kumar Sachdeva; Karan Kumar; Celestine Iwendi,IET Cyber-Physical Systems Theory & Applications,https://doi.org/10.1049/cps2.12090,collected:openalex,,verified,openalex_open_access,https://onlinelibrary.wiley.com/action/cookieAbsent,pdf,2026-06-19T14:06:34.761402+00:00,text/html;charset=UTF-8,,yes,,"provider=openalex; provider_id=https://openalex.org/W4393054471; source_rank=77; retrieval_date=2026-06-19; screening_confidence=high; screening_reason=Deterministic title-strict tier-0 retrieval match: anchor and all main topics matched in the title.; screening_status=deterministic_include; title_anchor_present=yes; title_relevance_tier=0; title_matched_main_topics=alzheimers_disease; artificial_intelligence; source_query=(""Alzheimer's disease"" OR Alzheimer's OR ""Alzheimer disease"" OR ""prodromal Alzheimer's disease"" OR ""preclinical Alzheimer's disease"" OR ""dementia due to Alzheimer's disease"") AND (""artificial intelligence"" OR AI OR ""machine learning"" OR ""deep learning"" OR ""neural network"" OR ""natural language processing"" OR ""computer vision"" OR ""computational intelligence""); source_query_reason=Tier 0: anchor and all main topics.; dedupe_key=doi:10.1049/cps2.12090; duplicate_count=1; in_fetch_duplicate_count=1; topic_main_matches=alzheimers_disease=Alzheimer disease@title|Alzheimer@title|Alzheimer's disease@title|Alzheimer's@title, artificial_intelligence=machine learning@title",yes,yes,
10_1016_j_jrras_2023_100782,Automated Alzheimer's disease classification using deep learning models with Soft-NMS and improved ResNet50 integration,2024,10.1016/j.jrras.2023.100782,"The accurate classification of Alzheimer's disease (AD) from MRI data holds great significance for facilitating early diagnosis and personalized treatment, ultimately leading to improved patient outcomes. To address this challenge, a comprehensive approach is proposed in this study, which integrates advanced deep learning models. This study introduces an ensemble deep learning model for AD classification, which incorporates Soft-NMS into the Faster R–CNN architecture to enhance candidate information merging and improve detection accuracy. Additionally, an improved ResNet50 network is used for feature extraction, effectively extracting richer image features. To process sequence data, the model incorporates the Bidirectional Gated Recurrent Unit (Bi-GRU) as a key component in the feature extraction network. The final classification results are obtained using the enhanced Faster R–CNN. The results demonstrated outstanding classification performance in distinguishing AD cases, with the AD vs CN task achieving the highest accuracy of 98.91%. The model's accuracy and precision remained high for AD vs MCI and MCI vs CN groups, indicating its effectiveness in distinguishing different cognitive impairment stages. Additionally, the effectiveness of the approach was confirmed through object detection and feature extraction, demonstrating superiority over existing methods. The high accuracy of the proposed method indicates its potential for early AD diagnosis and personalized treatment. This study presents a novel approach for AD classification using advanced deep learning models. The achieved high precision and accuracy offer promising opportunities for early diagnosis and personalized intervention. Addressing limitations related to data availability and manual annotation is crucial for future research advancements. Integrating multimodal imaging data and conducting longitudinal studies can further enhance our understanding of AD progression.",Yusi Chen; Lizhen Wang; Bijiao Ding; Jianshe Shi; Tingxi Wen; Jianlong Huang; Yuguang Ye,Journal of Radiation Research and Applied Sciences,https://doi.org/10.1016/j.jrras.2023.100782,collected:openalex,,verified,openalex_open_access,https://linkinghub.elsevier.com/retrieve/pii/S1687850723002601,landing_page,2026-06-19T14:06:34.884077+00:00,text/html;charset=UTF-8,,yes,,"provider=openalex; provider_id=https://openalex.org/W4390478980; source_rank=78; retrieval_date=2026-06-19; screening_confidence=high; screening_reason=Deterministic title-strict tier-0 retrieval match: anchor and all main topics matched in the title.; screening_status=deterministic_include; title_anchor_present=yes; title_relevance_tier=0; title_matched_main_topics=alzheimers_disease; artificial_intelligence; source_query=(""Alzheimer's disease"" OR Alzheimer's OR ""Alzheimer disease"" OR ""prodromal Alzheimer's disease"" OR ""preclinical Alzheimer's disease"" OR ""dementia due to Alzheimer's disease"") AND (""artificial intelligence"" OR AI OR ""machine learning"" OR ""deep learning"" OR ""neural network"" OR ""natural language processing"" OR ""computer vision"" OR ""computational intelligence""); source_query_reason=Tier 0: anchor and all main topics.; dedupe_key=doi:10.1016/j.jrras.2023.100782; duplicate_count=1; in_fetch_duplicate_count=1; topic_main_matches=alzheimers_disease=Alzheimer disease@title|Alzheimer@title|Alzheimer's disease@title|Alzheimer's@title, artificial_intelligence=deep learning@title",yes,yes,
10_1186_s13195_021_00924_2,Improving 3D convolutional neural network comprehensibility via interactive visualization of relevance maps: evaluation in Alzheimer's disease.,2021,10.1186/s13195-021-00924-2,"Background!#!Although convolutional neural networks (CNNs) achieve high diagnostic accuracy for detecting Alzheimer's disease (AD) dementia based on magnetic resonance imaging (MRI) scans, they are not yet applied in clinical routine. One important reason for this is a lack of model comprehensibility. Recently developed visualization methods for deriving CNN relevance maps may help to fill this gap as they allow the visualization of key input image features that drive the decision of the model. We investigated whether models with higher accuracy also rely more on discriminative brain regions predefined by prior knowledge.!##!Methods!#!We trained a CNN for the detection of AD in N = 663 T1-weighted MRI scans of patients with dementia and amnestic mild cognitive impairment (MCI) and verified the accuracy of the models via cross-validation and in three independent samples including in total N = 1655 cases. We evaluated the association of relevance scores and hippocampus volume to validate the clinical utility of this approach. To improve model comprehensibility, we implemented an interactive visualization of 3D CNN relevance maps, thereby allowing intuitive model inspection.!##!Results!#!Across the three independent datasets, group separation showed high accuracy for AD dementia versus controls (AUC ≥ 0.91) and moderate accuracy for amnestic MCI versus controls (AUC ≈ 0.74). Relevance maps indicated that hippocampal atrophy was considered the most informative factor for AD detection, with additional contributions from atrophy in other cortical and subcortical regions. Relevance scores within the hippocampus were highly correlated with hippocampal volumes (Pearson's r ≈ -0.86, p &amp;lt; 0.001).!##!Conclusion!#!The relevance maps highlighted atrophy in regions that we had hypothesized a priori. This strengthens the comprehensibility of the CNN models, which were trained in a purely data-driven manner based on the scans and diagnosis labels. The high hippocampus relevance scores as well as the high performance achieved in independent samples support the validity of the CNN models in the detection of AD-related MRI abnormalities. The presented data-driven and hypothesis-free CNN modeling approach might provide a useful tool to automatically derive discriminative features for complex diagnostic tasks where clear clinical criteria are still missing, for instance for the differential diagnosis between various types of dementia.","Martin Dyrba; Moritz Hanzig; Slawek Altenstein; Sebastian Bader; Tommaso Ballarini; Frederic Brosseron; Katharina Büerger; Daniel Cantré; Peter Dechent; Laura Dobisch; Emrah Düzel; Michael Ewers; Klaus Fließbach; Wenzel Glanz; John­–Dylan Haynes; Michael T. Heneka; Daniel Janowitz; Deniz Baris Keles; Ingo Kilimann; Christoph Laske; Franziska Maier; Coraline D. Metzger; Weber, Marc-André; Robert Perneczky; Oliver Peters; Lukas Preis; Josef Priller; Boris‐Stephan Rauchmann; Nina Roy; Klaus Scheffler; Anja Schneider; Björn H. Schott; Annika Spottke; Eike Spruth; Marc‐An﻿dré Weber; Birgit Ertl‐Wagner; Michael Wagner; Jens Wiltfang; Frank Jessen; Stefan Teipel",PUBLISSO (German National Library of Medicine),https://doi.org/10.1186/s13195-021-00924-2,collected:openalex,,verified,openalex_open_access,https://repository.publisso.de/resource/frl:6464015,landing_page,2026-06-19T14:06:35.212151+00:00,text/html; charset=utf-8,,yes,,"provider=openalex; provider_id=https://openalex.org/W3215207525; source_rank=79; retrieval_date=2026-06-19; screening_confidence=high; screening_reason=Deterministic title-strict tier-0 retrieval match: anchor and all main topics matched in the title.; screening_status=deterministic_include; title_anchor_present=yes; title_relevance_tier=0; title_matched_main_topics=alzheimers_disease; artificial_intelligence; source_query=(""Alzheimer's disease"" OR Alzheimer's OR ""Alzheimer disease"" OR ""prodromal Alzheimer's disease"" OR ""preclinical Alzheimer's disease"" OR ""dementia due to Alzheimer's disease"") AND (""artificial intelligence"" OR AI OR ""machine learning"" OR ""deep learning"" OR ""neural network"" OR ""natural language processing"" OR ""computer vision"" OR ""computational intelligence""); source_query_reason=Tier 0: anchor and all main topics.; dedupe_key=doi:10.1186/s13195-021-00924-2; duplicate_count=1; in_fetch_duplicate_count=1; topic_main_matches=alzheimers_disease=Alzheimer disease@title|Alzheimer@title|Alzheimer's disease@title|Alzheimer's@title, artificial_intelligence=neural network@title",yes,yes,
10_1109_icdcece60827_2024_10548493,Early detection of Alzheimer's Disease and Dementia Using Deep Convolutional Neural Networks,2024,10.1109/icdcece60827.2024.10548493,"Alzheimer's disease (AD) is a progressive disease of the nervous system of the brain that weakens the brain functions which leads the patient to bedridden. Overall dementia cases are approximately 75% of elderly people above 65 years of age worldwide. Early detection AD cases constitute nearly 2-5%. Detecting Alzheimer's disease earlier is a difficult and challenging task, which requires human experts and MRI reports. An alternative approach for early detection such as a convolution neural network has been proposed in this paper with more reliable and cost-efficient. From the 3D MRI image report, Alzheimer's Disease and Dementia are detected and also the AD stages are diagnosed using CNN. The CNNs datasheet on sMRI of the brain is loaded in the online database. The image Classification task is analysed and evaluated using the ADNet. This analysis utilizes Magnetic Resonance (MR) brain images and Convolutional Neural Network (CNN) architecture with a deep learning pipeline. The challenging task is to classify Magnetic Resonance (MR) brain images based on the AD stage into Mild dementia (MD), Very Mild Dementia (VMD)., Non-dementia (ND), and Moderate Dementia (MoD). The results are outperformed with a high accuracy of 99.94 %.",G. Lakshmi Praveena; G. P. Ramesh,,https://doi.org/10.1109/icdcece60827.2024.10548493,collected:openalex,,verified,openalex_primary_location,https://ieeexplore.ieee.org/document/10548493/,landing_page,2026-06-19T14:06:35.417271+00:00,text/html; charset=UTF-8,,no,,"provider=openalex; provider_id=https://openalex.org/W4399575260; source_rank=80; retrieval_date=2026-06-19; screening_confidence=high; screening_reason=Deterministic title-strict tier-0 retrieval match: anchor and all main topics matched in the title.; screening_status=deterministic_include; title_anchor_present=yes; title_relevance_tier=0; title_matched_main_topics=alzheimers_disease; artificial_intelligence; source_query=(""Alzheimer's disease"" OR Alzheimer's OR ""Alzheimer disease"" OR ""prodromal Alzheimer's disease"" OR ""preclinical Alzheimer's disease"" OR ""dementia due to Alzheimer's disease"") AND (""artificial intelligence"" OR AI OR ""machine learning"" OR ""deep learning"" OR ""neural network"" OR ""natural language processing"" OR ""computer vision"" OR ""computational intelligence""); source_query_reason=Tier 0: anchor and all main topics.; dedupe_key=doi:10.1109/icdcece60827.2024.10548493; duplicate_count=1; in_fetch_duplicate_count=1; topic_main_matches=alzheimers_disease=Alzheimer disease@title|Alzheimer@title|Alzheimer's disease@title|Alzheimer's@title, artificial_intelligence=neural network@title|neural networks@title",yes,yes,
10_1109_tencon54134_2021_9707468,Exploring Alzheimer's Disease Prediction with XAI in various Neural Network Models,2021,10.1109/tencon54134.2021.9707468,"Using a number of Neural Network Models, we attempt to explore and explain the prediction of Alzheimer's in patients in various stages of the disease, using MRI imaging data. Alzheimer's disease(AD) often described as dementia is one of the major neurological dysfunctionalities among humans and does not yet have a proven detection system; unless the final stage symptoms of AD starts to be seen. It is observed that multimodal biological, imaging and other available neuropsychological data can ensure a high percentage of separation among (AD) patients from cognitively normal elders. However, they cannot surely predict or detect early enough that patients with mild cognitive impairment (MCI) can get converted into Alzheimer's disease dementia in the future. But the research done till date shows a high probable detection rate in which they used the pattern classifier built on various longitudinal data. So in this paper we experimented with the existing Neural Network models to detect Alzheimer's disease in its early stage by classification techniques; and will be using a recent hybrid dataset in the process to have four separate classification in total. And also explored the exact region for which that specific classification occurs for the patients, looking at the T1 weighted MRI scans from a hybrid dataset from Kaggle [1] using the LIME based XAI(Explainable Artificial Intelligence) framework. For the Convolution Neural Network Models we are using Resnet50, VGG16 and Inception v3 and received 82.56%, 86.82%, 82.04% of categorical accuracy respectively.",Hamza Ahmed Shad; Quazi Ashikur Rahman; Nashita Binte Asad; Atif Zawad Bakshi; S.M.Faiaz Mursalin; Md Tanzim Reza; Mohammad Zavid Parvez,TENCON 2021 - 2021 IEEE Region 10 Conference (TENCON),https://doi.org/10.1109/tencon54134.2021.9707468,collected:openalex,,verified,openalex_primary_location,https://ieeexplore.ieee.org/document/9707468/,landing_page,2026-06-19T14:06:35.419366+00:00,text/html; charset=UTF-8,,no,,"provider=openalex; provider_id=https://openalex.org/W4213068175; source_rank=81; retrieval_date=2026-06-19; screening_confidence=high; screening_reason=Deterministic title-strict tier-0 retrieval match: anchor and all main topics matched in the title.; screening_status=deterministic_include; title_anchor_present=yes; title_relevance_tier=0; title_matched_main_topics=alzheimers_disease; artificial_intelligence; source_query=(""Alzheimer's disease"" OR Alzheimer's OR ""Alzheimer disease"" OR ""prodromal Alzheimer's disease"" OR ""preclinical Alzheimer's disease"" OR ""dementia due to Alzheimer's disease"") AND (""artificial intelligence"" OR AI OR ""machine learning"" OR ""deep learning"" OR ""neural network"" OR ""natural language processing"" OR ""computer vision"" OR ""computational intelligence""); source_query_reason=Tier 0: anchor and all main topics.; dedupe_key=doi:10.1109/tencon54134.2021.9707468; duplicate_count=1; in_fetch_duplicate_count=1; topic_main_matches=alzheimers_disease=Alzheimer disease@title|Alzheimer@title|Alzheimer's disease@title|Alzheimer's@title, artificial_intelligence=neural network@title",yes,yes,
10_1109_uemcon54665_2022_9965730,Deep Learning Based Model for Alzheimer's Disease Detection Using Brain MRI Images,2022,10.1109/uemcon54665.2022.9965730,"Alzheimer's disease (AD) is a progressive neurodegenerative disorder that causes problems with memory, thinking, and behavior. And with time, symptoms become severe enough to interfere with daily activities. Although there is no cure for the disease, a proper management strategy starting at an early stage can help improve quality of life and potentially slow the disease progression. In clinical research, machine learning techniques are frequently being used in different ways to help detect disease conditions and progressions. Magnetic resonance imaging (MRI) is one of the best available tools that is used to diagnose Alzheimer's disease. However, detecting very small changes in AD brain during the early stage of the disease is challenging. In this study, we developed deep learning-based models for Alzheimer's detection using the 6219 MRI images dataset. The dataset consists of images of different degrees of demented and non-demented brains. Four deep learning models that are utilized in this study are Convolutional Neural Network (CNN), ResNet101, DenseNet121, and Visual Geometry Group16 (VGG16). From the analysis, we found that CNN outperformed other models and achieved an accuracy of 97.60%, recall of 97%, and AUC of 99.26%, with a nominal loss of 0.091.",Muntasir Mamun; Siam Bin Shawkat; Md Salim Ahammed; Md. Milon Uddin; Md Ishtyaq Mahmud; Asm Mohaimenul Islam,"2022 IEEE 13th Annual Ubiquitous Computing, Electronics &amp; Mobile Communication Conference (UEMCON)",https://doi.org/10.1109/uemcon54665.2022.9965730,collected:openalex,,verified,openalex_primary_location,https://ieeexplore.ieee.org/document/9965730/,landing_page,2026-06-19T14:06:35.420082+00:00,text/html; charset=UTF-8,,no,,"provider=openalex; provider_id=https://openalex.org/W4310502248; source_rank=82; retrieval_date=2026-06-19; screening_confidence=high; screening_reason=Deterministic title-strict tier-0 retrieval match: anchor and all main topics matched in the title.; screening_status=deterministic_include; title_anchor_present=yes; title_relevance_tier=0; title_matched_main_topics=alzheimers_disease; artificial_intelligence; source_query=(""Alzheimer's disease"" OR Alzheimer's OR ""Alzheimer disease"" OR ""prodromal Alzheimer's disease"" OR ""preclinical Alzheimer's disease"" OR ""dementia due to Alzheimer's disease"") AND (""artificial intelligence"" OR AI OR ""machine learning"" OR ""deep learning"" OR ""neural network"" OR ""natural language processing"" OR ""computer vision"" OR ""computational intelligence""); source_query_reason=Tier 0: anchor and all main topics.; dedupe_key=doi:10.1109/uemcon54665.2022.9965730; duplicate_count=1; in_fetch_duplicate_count=1; topic_main_matches=alzheimers_disease=Alzheimer disease@title|Alzheimer@title|Alzheimer's disease@title|Alzheimer's@title, artificial_intelligence=deep learning@title",yes,yes,
10_21203_rs_3_rs_624520_v1,Alzheimer's Disease Early Detection Using Machine Learning Techniques,2021,10.21203/rs.3.rs-624520/v1,"<title>Abstract</title> Alzheimer's is the main reason for dementia, that affects frequently older adults. This disease is costly especially, in terms of treatment. In addition, Alzheimer's is one of the deaths causes in the old-age citizens. Early Alzheimer's detection helps medical staffs in this disease diagnosis, which will certainly decrease the risk of death. This made the early Alzheimer's disease detection a crucial problem in the healthcare industry. The objective of this research study is to introduce a computer-aided diagnosis system for Alzheimer's disease detection using machine learning techniques. We employed data from the Alzheimer’s Disease Neuroimaging Initiative (ADNI) and the Open Access Series of Imaging Studies (OASIS) brain datasets. Common supervised machine learning techniques have been applied for automatic Alzheimer’s disease detection such as: logistic regression, support vector machine, random forest, linear discriminant analysis, etc. The best accuracy values provided by the machine learning classifiers are 99.43% and 99.10% given by respectively, logistic regression and support vector machine using ADNI dataset, whereas for the OASIS dataset, we obtained 84.33% and 83.92% given by respectively logistic regression and random forest.",Roobaea Alroobaea; Seifeddine Mechti; Mariem Haoues; Saeed Rubaiee; Anas Ahmed; Murad Andejany; Nicola Luigi Bragazzi; Dilip Kumar Sharma; Bhanu Prakash Kolla; Sudhakar Sengan,Research Square,https://doi.org/10.21203/rs.3.rs-624520/v1,collected:openalex,,verified,openalex_open_access,https://assets-eu.researchsquare.com/files/rs-624520/v1/b83914f7-3a09-4ff1-9456-8288ae815f20.pdf?c=1631885103,pdf,2026-06-19T14:06:35.539593+00:00,application/pdf,,yes,,"provider=openalex; provider_id=https://openalex.org/W3168046494; source_rank=83; retrieval_date=2026-06-19; screening_confidence=high; screening_reason=Deterministic title-strict tier-0 retrieval match: anchor and all main topics matched in the title.; screening_status=deterministic_include; title_anchor_present=yes; title_relevance_tier=0; title_matched_main_topics=alzheimers_disease; artificial_intelligence; source_query=(""Alzheimer's disease"" OR Alzheimer's OR ""Alzheimer disease"" OR ""prodromal Alzheimer's disease"" OR ""preclinical Alzheimer's disease"" OR ""dementia due to Alzheimer's disease"") AND (""artificial intelligence"" OR AI OR ""machine learning"" OR ""deep learning"" OR ""neural network"" OR ""natural language processing"" OR ""computer vision"" OR ""computational intelligence""); source_query_reason=Tier 0: anchor and all main topics.; dedupe_key=doi:10.21203/rs.3.rs-624520/v1; duplicate_count=1; in_fetch_duplicate_count=1; topic_main_matches=alzheimers_disease=Alzheimer disease@title|Alzheimer@title|Alzheimer's disease@title|Alzheimer's@title, artificial_intelligence=machine learning@title",yes,yes,
10_1155_2021_8198552,Artificial Intelligence-based MRI Images for Brain in Prediction of Alzheimer's Disease,2021,10.1155/2021/8198552,"The study aimed to explore the accuracy and stability of Deep metric learning (DML) algorithm in Magnetic Resonance Imaging (MRI) examination of Alzheimer's Disease (AD) patients. In this study, MRI data of patients obtained were from Alzheimer's Disease Neuroimaging Initiative (ADNI) database (A total of 180 AD cases, 88 women, 92 men; 188 samples in healthy conditions (HC), including 90 females and 98 males. 210 samples of mild cognitive impairment (MCI), 104 females and 106 males). On the basis of deep learning, an early AD diagnosis system was constructed using CNN (Convolutional Neural Network) and DML algorithms. Then, the system was used to classify AD, HC, and MCI, and the two algorithms were compared for the accuracy and stability of in classification of MRI images. It was found that in the classification of AD and HC, the classification accuracy and sensitivity of the deep measurement learning model are both 0.83, superior to the CNN model; in terms of specificity, the classification specificity of the DML model was 0.82, slightly lower than that of the CNN model; and that in the classification of MCI and HC, the classification accuracy and sensitivity of the DML model was 0.65, superior to the CNN model; and in terms of specificity, the classification specificity of the DML model was 0.66, slightly lower than that of the CNN model. It suggested that the DML model demonstrated better classification effects on early AD patients. The loss curve analysis results showed that, for classification of AD and HC or MCI and HC, the DML algorithm can improve the convergence speed of the AD early prediction model. Therefore, the DML algorithm can significantly improve the clarity and quality of MRI images, elevate the classification accuracy and stability of early AD patients, and accelerate the convergence of the model, providing a new way for early prediction of AD.",Xiaowang Bi; Wei Liu; Huaiqin Liu; Qun Shang,Journal of Healthcare Engineering,https://doi.org/10.1155/2021/8198552,collected:openalex,,verified,openalex_open_access,https://onlinelibrary.wiley.com/action/cookieAbsent,pdf,2026-06-19T14:06:35.588799+00:00,text/html;charset=UTF-8,,yes,,"provider=openalex; provider_id=https://openalex.org/W3205824677; source_rank=84; retrieval_date=2026-06-19; screening_confidence=high; screening_reason=Deterministic title-strict tier-0 retrieval match: anchor and all main topics matched in the title.; screening_status=deterministic_include; title_anchor_present=yes; title_relevance_tier=0; title_matched_main_topics=alzheimers_disease; artificial_intelligence; source_query=(""Alzheimer's disease"" OR Alzheimer's OR ""Alzheimer disease"" OR ""prodromal Alzheimer's disease"" OR ""preclinical Alzheimer's disease"" OR ""dementia due to Alzheimer's disease"") AND (""artificial intelligence"" OR AI OR ""machine learning"" OR ""deep learning"" OR ""neural network"" OR ""natural language processing"" OR ""computer vision"" OR ""computational intelligence""); source_query_reason=Tier 0: anchor and all main topics.; dedupe_key=doi:10.1155/2021/8198552; duplicate_count=1; in_fetch_duplicate_count=1; topic_main_matches=alzheimers_disease=Alzheimer disease@title|Alzheimer@title|Alzheimer's disease@title|Alzheimer's@title, artificial_intelligence=artificial intelligence@title",yes,yes,
10_3389_fnagi_2023_1238065,An eXplainability Artificial Intelligence approach to brain connectivity in Alzheimer's disease,2023,10.3389/fnagi.2023.1238065,"The advent of eXplainable Artificial Intelligence (XAI) has revolutionized the way human experts, especially from non-computational domains, approach artificial intelligence; this is particularly true for clinical applications where the transparency of the results is often compromised by the algorithmic complexity. Here, we investigate how Alzheimer's disease (AD) affects brain connectivity within a cohort of 432 subjects whose T1 brain Magnetic Resonance Imaging data (MRI) were acquired within the Alzheimer's Disease Neuroimaging Initiative (ADNI). In particular, the cohort included 92 patients with AD, 126 normal controls (NC) and 214 subjects with mild cognitive impairment (MCI). We show how graph theory-based models can accurately distinguish these clinical conditions and how Shapley values, borrowed from game theory, can be adopted to make these models intelligible and easy to interpret. Explainability analyses outline the role played by regions like putamen, middle and superior temporal gyrus; from a class-related perspective, it is possible to outline specific regions, such as hippocampus and amygdala for AD and posterior cingulate and precuneus for MCI. The approach is general and could be adopted to outline how brain connectivity affects specific brain regions.",Nicola Amoroso; Silvano Quarto; Marianna La Rocca; Sabina Tangaro; A. Monaco; R. Bellotti,Frontiers in Aging Neuroscience,https://doi.org/10.3389/fnagi.2023.1238065,collected:openalex,,verified,openalex_open_access,https://www.frontiersin.org/journals/aging-neuroscience/articles/10.3389/fnagi.2023.1238065/pdf,pdf,2026-06-19T14:06:35.589019+00:00,application/pdf,,yes,,"provider=openalex; provider_id=https://openalex.org/W4386325543; source_rank=85; retrieval_date=2026-06-19; screening_confidence=high; screening_reason=Deterministic title-strict tier-0 retrieval match: anchor and all main topics matched in the title.; screening_status=deterministic_include; title_anchor_present=yes; title_relevance_tier=0; title_matched_main_topics=alzheimers_disease; artificial_intelligence; source_query=(""Alzheimer's disease"" OR Alzheimer's OR ""Alzheimer disease"" OR ""prodromal Alzheimer's disease"" OR ""preclinical Alzheimer's disease"" OR ""dementia due to Alzheimer's disease"") AND (""artificial intelligence"" OR AI OR ""machine learning"" OR ""deep learning"" OR ""neural network"" OR ""natural language processing"" OR ""computer vision"" OR ""computational intelligence""); source_query_reason=Tier 0: anchor and all main topics.; dedupe_key=doi:10.3389/fnagi.2023.1238065; duplicate_count=1; in_fetch_duplicate_count=1; topic_main_matches=alzheimers_disease=Alzheimer disease@title|Alzheimer@title|Alzheimer's disease@title|Alzheimer's@title, artificial_intelligence=artificial intelligence@title",yes,yes,
10_1016_j_compbiomed_2021_104935,Rethinking modeling Alzheimer's disease progression from a multi-task learning perspective with deep recurrent neural network,2021,10.1016/j.compbiomed.2021.104935,,Wei Liang; Kai Zhang; Peng Cao; Xiaoli Liu; Jinzhu Yang; Osmar R. Zaı̈ane,Computers in Biology and Medicine,https://doi.org/10.1016/j.compbiomed.2021.104935,collected:openalex,,verified,openalex_primary_location,https://linkinghub.elsevier.com/retrieve/pii/S0010482521007290,landing_page,2026-06-19T14:06:41.286185+00:00,text/html;charset=UTF-8,,no,,"provider=openalex; provider_id=https://openalex.org/W3205206067; source_rank=86; retrieval_date=2026-06-19; screening_confidence=high; screening_reason=Deterministic title-strict tier-0 retrieval match: anchor and all main topics matched in the title.; screening_status=deterministic_include; title_anchor_present=yes; title_relevance_tier=0; title_matched_main_topics=alzheimers_disease; artificial_intelligence; source_query=(""Alzheimer's disease"" OR Alzheimer's OR ""Alzheimer disease"" OR ""prodromal Alzheimer's disease"" OR ""preclinical Alzheimer's disease"" OR ""dementia due to Alzheimer's disease"") AND (""artificial intelligence"" OR AI OR ""machine learning"" OR ""deep learning"" OR ""neural network"" OR ""natural language processing"" OR ""computer vision"" OR ""computational intelligence""); source_query_reason=Tier 0: anchor and all main topics.; dedupe_key=doi:10.1016/j.compbiomed.2021.104935; duplicate_count=1; in_fetch_duplicate_count=1; topic_main_matches=alzheimers_disease=Alzheimer disease@title|Alzheimer@title|Alzheimer's disease@title|Alzheimer's@title, artificial_intelligence=neural network@title",no,yes,missing_abstract
10_1016_j_asoc_2023_110804,EDCNNS: Federated learning enabled evolutionary deep convolutional neural network for Alzheimer disease detection,2023,10.1016/j.asoc.2023.110804,,Abdullah Lakhan; Tor‐Morten Grønli; Ghulam Muhammad; Prayag Tiwari,Applied Soft Computing,https://doi.org/10.1016/j.asoc.2023.110804,collected:openalex,,verified,openalex_open_access,https://research.aalto.fi/en/publications/edcnns-federated-learning-enabled-evolutionary-deep-convolutional/,landing_page,2026-06-19T14:06:41.327981+00:00,text/html;charset=UTF-8,,yes,,"provider=openalex; provider_id=https://openalex.org/W4386401852; source_rank=87; retrieval_date=2026-06-19; screening_confidence=high; screening_reason=Deterministic title-strict tier-0 retrieval match: anchor and all main topics matched in the title.; screening_status=deterministic_include; title_anchor_present=yes; title_relevance_tier=0; title_matched_main_topics=alzheimers_disease; artificial_intelligence; source_query=(""Alzheimer's disease"" OR Alzheimer's OR ""Alzheimer disease"" OR ""prodromal Alzheimer's disease"" OR ""preclinical Alzheimer's disease"" OR ""dementia due to Alzheimer's disease"") AND (""artificial intelligence"" OR AI OR ""machine learning"" OR ""deep learning"" OR ""neural network"" OR ""natural language processing"" OR ""computer vision"" OR ""computational intelligence""); source_query_reason=Tier 0: anchor and all main topics.; dedupe_key=doi:10.1016/j.asoc.2023.110804; duplicate_count=1; in_fetch_duplicate_count=1; topic_main_matches=alzheimers_disease=Alzheimer disease@title|Alzheimer@title, artificial_intelligence=neural network@title",no,yes,missing_abstract
10_1109_ssd49366_2020_9364155,Alzheimer's disease detection using convolutional neural networks and transfer learning based methods,2020,10.1109/ssd49366.2020.9364155,"Alzheimer's disease (AD) remains a major public health problem. This neurodegenerative pathology affects generally old people. Its symptoms are loss of memory followed over the years by more hard ability of expression and various handicaps. Therefore, early detection of AD is become an active research area in recent years. In this paper, we propose a deep based method for the detection of AD (i.e. classify brain images into normal brain or brain with AD). The proposed method contains two main steps. The first step is region of interest extraction; it is based on the partition of the image into separate blocks to extract only the part that contains the hippocampus of the brain. The second step is the classification of images using two deep based techniques namely convolutional neural network (CNN) and Transfer Learning. In one hand, CNN allows extracting the characteristics from brain images, then classifies them into normal brain or AD brain. Transfer Learning, in the other hand, consists of using features acquired from the Alexnet architecture to classify the images. We have assessed the proposed method on Oasis dataset (Open Access Series of Imaging Studies). The obtained results show that the classification of images using Transfer Learning with 92.86 % outperformed the CNN's classification rate.",Marwa Zaabi; Nadia Smaoui; Houda Derbel; Walid Hariri,,https://doi.org/10.1109/ssd49366.2020.9364155,collected:openalex,,verified,openalex_primary_location,https://ieeexplore.ieee.org/document/9364155/,landing_page,2026-06-19T14:06:35.596416+00:00,text/html; charset=UTF-8,,no,,"provider=openalex; provider_id=https://openalex.org/W3133744604; source_rank=88; retrieval_date=2026-06-19; screening_confidence=high; screening_reason=Deterministic title-strict tier-0 retrieval match: anchor and all main topics matched in the title.; screening_status=deterministic_include; title_anchor_present=yes; title_relevance_tier=0; title_matched_main_topics=alzheimers_disease; artificial_intelligence; source_query=(""Alzheimer's disease"" OR Alzheimer's OR ""Alzheimer disease"" OR ""prodromal Alzheimer's disease"" OR ""preclinical Alzheimer's disease"" OR ""dementia due to Alzheimer's disease"") AND (""artificial intelligence"" OR AI OR ""machine learning"" OR ""deep learning"" OR ""neural network"" OR ""natural language processing"" OR ""computer vision"" OR ""computational intelligence""); source_query_reason=Tier 0: anchor and all main topics.; dedupe_key=doi:10.1109/ssd49366.2020.9364155; duplicate_count=1; in_fetch_duplicate_count=1; topic_main_matches=alzheimers_disease=Alzheimer disease@title|Alzheimer@title|Alzheimer's disease@title|Alzheimer's@title, artificial_intelligence=neural network@title|neural networks@title",yes,yes,
10_1111_cns_13963,Machine learning based on Optical Coherence Tomography images as a diagnostic tool for Alzheimer's disease,2022,10.1111/cns.13963,"Abstract Aims We mainly evaluate retinal alterations in Alzheimer's disease (AD) patients, investigate the associations between retinal changes with AD biomarkers, and explore an optimal machine learning (ML) model for AD diagnosis based on retinal thickness. Methods A total of 159 AD patients and 299 healthy controls were enrolled. The retinal parameters of each participant were measured using optical coherence tomography (OCT). Additionally, cognitive impairment severity, brain atrophy, and cerebrospinal fluid (CSF) biomarkers were measured in AD patients. Results AD patients demonstrated a significant decrease in the average, superior, and inferior quadrant peripapillary retinal nerve fiber layer, macular retinal nerve fiber layer, ganglion cell layer (GCL), inner plexiform layer (IPL) thicknesses, as well as total macular volume (TMV) (all p &lt; 0.05). Moreover, TMV was positively associated with Mini‐Mental State Examination and Montreal Cognitive Assessment scores, IPL thickness was correlated negatively with the medial temporal lobe atrophy score, and the GCL thickness was positively correlated with CSF Aβ 42 /Aβ 40 and negatively associated with p‐tau level. Based on the significantly decreased OCT variables between both groups, the XGBoost algorithm exhibited the best diagnostic performance for AD, whose four references, including accuracy, area under the curve, f1 score, and recall, ranged from 0.69 to 0.74. Moreover, the macular retinal thickness exhibited an absolute superiority for AD diagnosis compared with other enrolled variables in all ML models. Conclusion We identified the retinal alterations in AD patients and found that macular thickness and volume were associated with AD severity and biomarkers. Furthermore, we confirmed that OCT combined with ML could serve as a potential diagnostic tool for AD.",Xin Wang; Bin Jiao; Hui Liu; Yaqin Wang; Xiaoli Hao; Yuan Zhu; Bei Xu; Huizhuo Xu; Sizhe Zhang; Xiaoliang Jia; Qian Xu; Xinxin Liao; Yafang Zhou; Hong Jiang; Junling Wang; Jifeng Guo; Xinxiang Yan; Beisha Tang; Rongchang Zhao; Lu Shen,CNS Neuroscience & Therapeutics,https://doi.org/10.1111/cns.13963,collected:openalex,,verified,openalex_open_access,https://onlinelibrary.wiley.com/action/cookieAbsent,landing_page,2026-06-19T14:06:35.683558+00:00,text/html;charset=UTF-8,,yes,,"provider=openalex; provider_id=https://openalex.org/W4296528405; source_rank=89; retrieval_date=2026-06-19; screening_confidence=high; screening_reason=Deterministic title-strict tier-0 retrieval match: anchor and all main topics matched in the title.; screening_status=deterministic_include; title_anchor_present=yes; title_relevance_tier=0; title_matched_main_topics=alzheimers_disease; artificial_intelligence; source_query=(""Alzheimer's disease"" OR Alzheimer's OR ""Alzheimer disease"" OR ""prodromal Alzheimer's disease"" OR ""preclinical Alzheimer's disease"" OR ""dementia due to Alzheimer's disease"") AND (""artificial intelligence"" OR AI OR ""machine learning"" OR ""deep learning"" OR ""neural network"" OR ""natural language processing"" OR ""computer vision"" OR ""computational intelligence""); source_query_reason=Tier 0: anchor and all main topics.; dedupe_key=doi:10.1111/cns.13963; duplicate_count=1; in_fetch_duplicate_count=1; topic_main_matches=alzheimers_disease=Alzheimer disease@title|Alzheimer@title|Alzheimer's disease@title|Alzheimer's@title, artificial_intelligence=machine learning@title",yes,yes,
10_1016_j_bspc_2022_104375,"Integrating convolutional neural networks, kNN, and Bayesian optimization for efficient diagnosis of Alzheimer's disease in magnetic resonance images",2022,10.1016/j.bspc.2022.104375,,Salim Lahmiri,Biomedical Signal Processing and Control,https://doi.org/10.1016/j.bspc.2022.104375,collected:openalex,,verified,openalex_primary_location,https://linkinghub.elsevier.com/retrieve/pii/S1746809422008291,landing_page,2026-06-19T14:06:41.467410+00:00,text/html;charset=UTF-8,,no,,"provider=openalex; provider_id=https://openalex.org/W4308266714; source_rank=90; retrieval_date=2026-06-19; screening_confidence=high; screening_reason=Deterministic title-strict tier-0 retrieval match: anchor and all main topics matched in the title.; screening_status=deterministic_include; title_anchor_present=yes; title_relevance_tier=0; title_matched_main_topics=alzheimers_disease; artificial_intelligence; source_query=(""Alzheimer's disease"" OR Alzheimer's OR ""Alzheimer disease"" OR ""prodromal Alzheimer's disease"" OR ""preclinical Alzheimer's disease"" OR ""dementia due to Alzheimer's disease"") AND (""artificial intelligence"" OR AI OR ""machine learning"" OR ""deep learning"" OR ""neural network"" OR ""natural language processing"" OR ""computer vision"" OR ""computational intelligence""); source_query_reason=Tier 0: anchor and all main topics.; dedupe_key=doi:10.1016/j.bspc.2022.104375; duplicate_count=1; in_fetch_duplicate_count=1; topic_main_matches=alzheimers_disease=Alzheimer disease@title|Alzheimer@title|Alzheimer's disease@title|Alzheimer's@title, artificial_intelligence=neural network@title|neural networks@title",no,yes,missing_abstract
10_1111_jon_12835,Differentiating Dementia with Lewy Bodies and Alzheimer's Disease by Deep Learning to Structural MRI,2021,10.1111/jon.12835,"BACKGROUND AND PURPOSE: Dementia with Lewy bodies (DLB) is the second most prevalent cause of degenerative dementia next to Alzheimer's disease (AD). Though current DLB diagnostic criteria employ several indicative biomarkers, relative preservation of the medial temporal lobe as revealed by structural MRI suffers from low sensitivity and specificity, making them unreliable as sole supporting biomarkers. In this study, we investigated how a deep learning approach would be able to differentiate DLB from AD with structural MRI data. METHODS: Two-hundred and eight patients (101 DLB, 69 AD, and 38 controls) participated in this retrospective study. Gray matter images were extracted using voxel-based morphometry (VBM). In order to compare the conventional statistical analysis with deep-learning feature extraction, we built a classification model for DLB and AD with a residual neural network (ResNet) type of convolutional neural network architecture, which is one of the deep learning models. The anatomically standardized gray matter images extracted in the same way as for the VBM process were used as inputs, and the classification performance achieved by our model was evaluated. RESULTS: Conventional statistical analysis detected no significant atrophy other than fine differences on the middle temporal pole and hippocampal regions. The feature extracted by the deep learning method differentiated DLB from AD with 79.15％ accuracy compared to the 68.41% of the conventional method. CONCLUSIONS: Our results confirmed that the deep learning method with gray matter images can detect fine differences between DLB and AD that may be underestimated by the conventional method.",Kiyotaka Nemoto; Hiromasa Sakaguchi; Wataru Kasai; Masatoshi Hotta; Ryotaro Kamei; Tomoyuki Noguchi; Ryogo Minamimoto; Tetsuaki Arai; Takashi Asada,Journal of Neuroimaging,https://doi.org/10.1111/jon.12835,collected:openalex,,verified,openalex_primary_location,https://onlinelibrary.wiley.com/action/cookieAbsent,landing_page,2026-06-19T14:06:36.818951+00:00,text/html;charset=UTF-8,,no,,"provider=openalex; provider_id=https://openalex.org/W3123995491; source_rank=91; retrieval_date=2026-06-19; screening_confidence=high; screening_reason=Deterministic title-strict tier-0 retrieval match: anchor and all main topics matched in the title.; screening_status=deterministic_include; title_anchor_present=yes; title_relevance_tier=0; title_matched_main_topics=alzheimers_disease; artificial_intelligence; source_query=(""Alzheimer's disease"" OR Alzheimer's OR ""Alzheimer disease"" OR ""prodromal Alzheimer's disease"" OR ""preclinical Alzheimer's disease"" OR ""dementia due to Alzheimer's disease"") AND (""artificial intelligence"" OR AI OR ""machine learning"" OR ""deep learning"" OR ""neural network"" OR ""natural language processing"" OR ""computer vision"" OR ""computational intelligence""); source_query_reason=Tier 0: anchor and all main topics.; dedupe_key=doi:10.1111/jon.12835; duplicate_count=1; in_fetch_duplicate_count=1; topic_main_matches=alzheimers_disease=Alzheimer disease@title|Alzheimer@title|Alzheimer's disease@title|Alzheimer's@title, artificial_intelligence=deep learning@title",yes,yes,
10_1016_j_heliyon_2024_e29375,AI-based tool for early detection of Alzheimer's disease,2024,10.1016/j.heliyon.2024.e29375,"In the context of Alzheimer's disease (AD), timely identification is paramount for effective management, acknowledging its chronic and irreversible nature, where medications can only impede its progression. Our study introduces a holistic solution, leveraging the hippocampus and the VGG16 model with transfer learning for early AD detection. The hippocampus, a pivotal early affected region linked to memory, plays a central role in classifying patients into three categories: cognitively normal (CN), representing individuals without cognitive impairment; mild cognitive impairment (MCI), indicative of a subtle decline in cognitive abilities; and AD, denoting Alzheimer's disease. Employing the Alzheimer's Disease Neuroimaging Initiative (ADNI) dataset, our model undergoes training enriched by advanced image preprocessing techniques, achieving outstanding accuracy (testing 98.17 %, validation 97.52 %, training 99.62 %). The strategic use of transfer learning fortifies our competitive edge, incorporating the hippocampus approach and, notably, a progressive data augmentation technique. This innovative augmentation strategy gradually introduces augmentation factors during training, significantly elevating accuracy and enhancing the model's generalization ability. The study emphasizes practical application with a user-friendly website, empowering radiologists to predict class probabilities, track disease progression, and visualize patient images in both 2D and 3D formats, contributing significantly to the advancement of early AD detection.",Shafiq Ul Rehman; Noha Tarek; Caroline Magdy; Mohamed Kamel; Mohammed Abdelhalim; Alaa Melek; Lamees N. Mahmoud; Ibrahim Sadek,Heliyon,https://doi.org/10.1016/j.heliyon.2024.e29375,collected:openalex,,verified,openalex_open_access,https://linkinghub.elsevier.com/retrieve/pii/S2405844024054069,landing_page,2026-06-19T14:06:37.147692+00:00,text/html;charset=UTF-8,,yes,,"provider=openalex; provider_id=https://openalex.org/W4394616357; source_rank=92; retrieval_date=2026-06-19; screening_confidence=high; screening_reason=Deterministic title-strict tier-0 retrieval match: anchor and all main topics matched in the title.; screening_status=deterministic_include; title_anchor_present=yes; title_relevance_tier=0; title_matched_main_topics=alzheimers_disease; artificial_intelligence; source_query=(""Alzheimer's disease"" OR Alzheimer's OR ""Alzheimer disease"" OR ""prodromal Alzheimer's disease"" OR ""preclinical Alzheimer's disease"" OR ""dementia due to Alzheimer's disease"") AND (""artificial intelligence"" OR AI OR ""machine learning"" OR ""deep learning"" OR ""neural network"" OR ""natural language processing"" OR ""computer vision"" OR ""computational intelligence""); source_query_reason=Tier 0: anchor and all main topics.; dedupe_key=doi:10.1016/j.heliyon.2024.e29375; duplicate_count=1; in_fetch_duplicate_count=1; topic_main_matches=alzheimers_disease=Alzheimer disease@title|Alzheimer@title|Alzheimer's disease@title|Alzheimer's@title, artificial_intelligence=AI@title",yes,yes,
10_1109_icics52457_2021_9464543,Prediction Alzheimer's disease from MRI images using deep learning,2021,10.1109/icics52457.2021.9464543,"Alzheimer's is one of the diseases that are the most publicized type of dementia. Alzheimer's disease will be born every 3 second the world. Previous research shows that early prediction of AD in the medical field for reduced cost of treatment and time of it. To this end, construct an efficient prediction system for AD, which is the goal of this paper, often reduces time to treatment, medical errors, and overall healthcare cost. We used Deep Learning to predict and diagnose AD and for this reason using python code in Colaboratory as platform environments. In particular, we used 2D CNN and vgg16 to achieve the research goal, we used experiments conducted on MRI images from Kaggle dataset. Our experiment achieved accuracy of 67.5% for 2D CNN algorithm, while the vgg16 algorithm achieved accuracy of 70.3%. We conclude by showing that deep learning can improve the prediction AD and using algorithm vgg16 is better than 2D CNN.",Esraa Mggdadi; Ahmad Alaiad; Muhammad Al-Ayyad; Alaa Darabseh,,https://doi.org/10.1109/icics52457.2021.9464543,collected:openalex,,verified,openalex_primary_location,https://ieeexplore.ieee.org/document/9464543/,landing_page,2026-06-19T14:06:37.345987+00:00,text/html; charset=UTF-8,,no,,"provider=openalex; provider_id=https://openalex.org/W3176394889; source_rank=93; retrieval_date=2026-06-19; screening_confidence=high; screening_reason=Deterministic title-strict tier-0 retrieval match: anchor and all main topics matched in the title.; screening_status=deterministic_include; title_anchor_present=yes; title_relevance_tier=0; title_matched_main_topics=alzheimers_disease; artificial_intelligence; source_query=(""Alzheimer's disease"" OR Alzheimer's OR ""Alzheimer disease"" OR ""prodromal Alzheimer's disease"" OR ""preclinical Alzheimer's disease"" OR ""dementia due to Alzheimer's disease"") AND (""artificial intelligence"" OR AI OR ""machine learning"" OR ""deep learning"" OR ""neural network"" OR ""natural language processing"" OR ""computer vision"" OR ""computational intelligence""); source_query_reason=Tier 0: anchor and all main topics.; dedupe_key=doi:10.1109/icics52457.2021.9464543; duplicate_count=1; in_fetch_duplicate_count=1; topic_main_matches=alzheimers_disease=Alzheimer disease@title|Alzheimer@title|Alzheimer's disease@title|Alzheimer's@title, artificial_intelligence=deep learning@title",yes,yes,
10_1016_j_compbiomed_2021_104947,A review on omics-based biomarkers discovery for Alzheimer's disease from the bioinformatics perspectives: Statistical approach vs machine learning approach,2021,10.1016/j.compbiomed.2021.104947,,Mei Sze Tan; Phaik‐Leng Cheah; Ai‐Vyrn Chin; Lai‐Meng Looi; Siow‐Wee Chang,Computers in Biology and Medicine,https://doi.org/10.1016/j.compbiomed.2021.104947,collected:openalex,,verified,openalex_primary_location,https://linkinghub.elsevier.com/retrieve/pii/S0010482521007411,landing_page,2026-06-19T14:06:41.551795+00:00,text/html;charset=UTF-8,,no,,"provider=openalex; provider_id=https://openalex.org/W3207662648; source_rank=94; retrieval_date=2026-06-19; screening_confidence=high; screening_reason=Deterministic title-strict tier-0 retrieval match: anchor and all main topics matched in the title.; screening_status=deterministic_include; title_anchor_present=yes; title_relevance_tier=0; title_matched_main_topics=alzheimers_disease; artificial_intelligence; title_matched_secondary_topics=artificial_intelligence:bioinformatics; source_query=(""Alzheimer's disease"" OR Alzheimer's OR ""Alzheimer disease"" OR ""prodromal Alzheimer's disease"" OR ""preclinical Alzheimer's disease"" OR ""dementia due to Alzheimer's disease"") AND (""artificial intelligence"" OR AI OR ""machine learning"" OR ""deep learning"" OR ""neural network"" OR ""natural language processing"" OR ""computer vision"" OR ""computational intelligence""); source_query_reason=Tier 0: anchor and all main topics.; dedupe_key=doi:10.1016/j.compbiomed.2021.104947; duplicate_count=1; in_fetch_duplicate_count=1; topic_main_matches=alzheimers_disease=Alzheimer disease@title|Alzheimer@title|Alzheimer's disease@title|Alzheimer's@title, artificial_intelligence=machine learning@title; topic_secondary_matches=artificial_intelligence=bioinformatics@title; topic_secondary_group_matches=artificial_intelligence[computational_methods=bioinformatics@title]",no,yes,missing_abstract
10_60084_hjas_v1i1_12,QSAR Classification of Beta-Secretase 1 Inhibitor Activity in Alzheimer's Disease Using Ensemble Machine Learning Algorithms,2023,10.60084/hjas.v1i1.12,"This study focuses on the development of a machine learning ensemble approach for the classification of Beta-Secretase 1 (BACE1) inhibitors in Quantitative Structure-Activity Relationship (QSAR) analysis. BACE1 is an enzyme linked to the production of amyloid beta peptide, a significant component of Alzheimer's disease plaques. The discovery of effective BACE1 inhibitors is difficult, but QSAR modeling offers a cost-effective alternative by predicting the activity of compounds based on their chemical structures. This study evaluates the performance of four machine learning models (Random Forest, AdaBoost, Gradient Boosting, and Extra Trees) in predicting BACE1 inhibitor activity. Random Forest achieved the highest performance, with a training accuracy of 98.65% and a testing accuracy of 82.53%. In addition, it exhibited superior precision, recall, and F1-score. Random Forest's superior performance was a result of its ability to capture a wide variety of patterns and its randomized ensemble approach. Overall, this study demonstrates the efficacy of ensemble machine learning models, specifically Random Forest, in predicting the activity of BACE1 inhibitors. The findings contribute to ongoing efforts in Alzheimer's disease drug discovery research by providing a cost-effective and efficient strategy for screening and prioritizing potential BACE1 inhibitors.",Teuku Rizky Noviandy; Aga Maulana; Talha Bin Emran; Ghazi Mauer Idroes; Rinaldi Idroes,Heca Journal of Applied Sciences,https://doi.org/10.60084/hjas.v1i1.12,collected:openalex,,verified,openalex_open_access,https://heca-analitika.com/hjas/article/download/12/2,landing_page,2026-06-19T14:06:37.463957+00:00,application/pdf,,yes,,"provider=openalex; provider_id=https://openalex.org/W4384433002; source_rank=95; retrieval_date=2026-06-19; screening_confidence=high; screening_reason=Deterministic title-strict tier-0 retrieval match: anchor and all main topics matched in the title.; screening_status=deterministic_include; title_anchor_present=yes; title_relevance_tier=0; title_matched_main_topics=alzheimers_disease; artificial_intelligence; source_query=(""Alzheimer's disease"" OR Alzheimer's OR ""Alzheimer disease"" OR ""prodromal Alzheimer's disease"" OR ""preclinical Alzheimer's disease"" OR ""dementia due to Alzheimer's disease"") AND (""artificial intelligence"" OR AI OR ""machine learning"" OR ""deep learning"" OR ""neural network"" OR ""natural language processing"" OR ""computer vision"" OR ""computational intelligence""); source_query_reason=Tier 0: anchor and all main topics.; dedupe_key=doi:10.60084/hjas.v1i1.12; duplicate_count=1; in_fetch_duplicate_count=1; topic_main_matches=alzheimers_disease=Alzheimer disease@title|Alzheimer@title|Alzheimer's disease@title|Alzheimer's@title, artificial_intelligence=machine learning@title",yes,yes,
10_1016_j_ibmed_2023_100091,Prediction of Alzheimer's disease from magnetic resonance imaging using a convolutional neural network,2023,10.1016/j.ibmed.2023.100091,The primary goal of this study is to examine if a convolutional neural network (CNN) can be applied as a diagnostic tool for predicting Alzheimer's Disease (AD) from magnetic resonance imaging (MRI) using the MIRIAD-dataset (Minimal Interval Resonance Imaging in Alzheimer's Disease) from one single central slice of the brain. The MIRIAD dataset contains patients' health records represented by a set of MRI scans of the brain and further diagnostic data. Hyperparameters and configurations of CNNs were optimized to determine the best-performing model. The CNN was implemented in Python with the deep learning library ‘Keras’ using Linux/Ubuntu as the operating system. This study obtained the following best performance metrics for predicting Alzheimer's Disease from MRI with Matthew's Correlation Coefficient (MCC) of 0.77; accuracy of 0.89; F1-score of 0.89; AUC of 0.92. The computational time for the training of a CNN takes less than 30 sec. s with a GPU (graphics processing unit). The prediction takes less than 1 sec. on a standard PC. The study suggests that an axial MRI scan can be used to diagnose if a patient has Alzheimer's Disease with an AUC score of 0.92.,Kevin de Silva; H. Russell Kunz,Intelligence-Based Medicine,https://doi.org/10.1016/j.ibmed.2023.100091,collected:openalex,,verified,openalex_open_access,https://linkinghub.elsevier.com/retrieve/pii/S2666521223000054,landing_page,2026-06-19T14:06:37.485770+00:00,text/html;charset=UTF-8,,yes,,"provider=openalex; provider_id=https://openalex.org/W4313731141; source_rank=96; retrieval_date=2026-06-19; screening_confidence=high; screening_reason=Deterministic title-strict tier-0 retrieval match: anchor and all main topics matched in the title.; screening_status=deterministic_include; title_anchor_present=yes; title_relevance_tier=0; title_matched_main_topics=alzheimers_disease; artificial_intelligence; source_query=(""Alzheimer's disease"" OR Alzheimer's OR ""Alzheimer disease"" OR ""prodromal Alzheimer's disease"" OR ""preclinical Alzheimer's disease"" OR ""dementia due to Alzheimer's disease"") AND (""artificial intelligence"" OR AI OR ""machine learning"" OR ""deep learning"" OR ""neural network"" OR ""natural language processing"" OR ""computer vision"" OR ""computational intelligence""); source_query_reason=Tier 0: anchor and all main topics.; dedupe_key=doi:10.1016/j.ibmed.2023.100091; duplicate_count=1; in_fetch_duplicate_count=1; topic_main_matches=alzheimers_disease=Alzheimer disease@title|Alzheimer@title|Alzheimer's disease@title|Alzheimer's@title, artificial_intelligence=neural network@title",yes,yes,
10_1002_advs_202204717,Deep Learning for Brain MRI Confirms Patterned Pathological Progression in Alzheimer's Disease,2022,10.1002/advs.202204717,"Deep learning (DL) on brain magnetic resonance imaging (MRI) data has shown excellent performance in differentiating individuals with Alzheimer's disease (AD). However, the value of DL in detecting progressive structural MRI (sMRI) abnormalities linked to AD pathology has yet to be established. In this study, an interpretable DL algorithm named the Ensemble of 3-dimensional convolutional neural network (Ensemble 3DCNN) with enhanced parsing techniques is proposed to investigate the longitudinal trajectories of whole-brain sMRI changes denoting AD onset and progression. A set of 2369 T1-weighted images from the multi-centre Alzheimer's Disease Neuroimaging Initiative and Open Access Series of Imaging Studies cohorts are applied to model derivation, validation, testing, and pattern analysis. An Ensemble-3DCNN-based P-score is generated, based on which multiple brain regions, including amygdala, insular, parahippocampal, and temporal gyrus, exhibit early and connected progressive neurodegeneration. Complex individual variability in the sMRI is also observed. This study combining non-invasive sMRI and interpretable DL in detecting patterned sMRI changes confirmed AD pathological progression, shedding new light on predicting AD progression using whole-brain sMRI.",Dan Pan; An Zeng; Baoyao Yang; Gangyong Lai; Bing Hu; Xiaowei Song; Tianzi Jiang; Alzheimer's Disease Neuroimaging Initiative (ADNI),Advanced Science,https://doi.org/10.1002/advs.202204717,collected:openalex,,verified,openalex_open_access,https://advanced.onlinelibrary.wiley.com/action/cookieAbsent,landing_page,2026-06-19T14:06:37.517244+00:00,text/html;charset=UTF-8,,yes,,"provider=openalex; provider_id=https://openalex.org/W4312213462; source_rank=97; retrieval_date=2026-06-19; screening_confidence=high; screening_reason=Deterministic title-strict tier-0 retrieval match: anchor and all main topics matched in the title.; screening_status=deterministic_include; title_anchor_present=yes; title_relevance_tier=0; title_matched_main_topics=alzheimers_disease; artificial_intelligence; source_query=(""Alzheimer's disease"" OR Alzheimer's OR ""Alzheimer disease"" OR ""prodromal Alzheimer's disease"" OR ""preclinical Alzheimer's disease"" OR ""dementia due to Alzheimer's disease"") AND (""artificial intelligence"" OR AI OR ""machine learning"" OR ""deep learning"" OR ""neural network"" OR ""natural language processing"" OR ""computer vision"" OR ""computational intelligence""); source_query_reason=Tier 0: anchor and all main topics.; dedupe_key=doi:10.1002/advs.202204717; duplicate_count=1; in_fetch_duplicate_count=1; topic_main_matches=alzheimers_disease=Alzheimer disease@title|Alzheimer@title|Alzheimer's disease@title|Alzheimer's@title, artificial_intelligence=deep learning@title",yes,yes,
10_1002_trc2_12013,A precision medicine framework using artificial intelligence for the identification and confirmation of genomic biomarkers of response to an Alzheimer's disease therapy: Analysis of the blarcamesine (ANAVEX2‐73) Phase 2a clinical study,2020,10.1002/trc2.12013,"Abstract Introduction The search for drugs to treat Alzheimer's disease (AD) has failed to yield effective therapies. Here we report the first genome‐wide search for biomarkers associated with therapeutic response in AD. Blarcamesine (ANAVEX2‐73), a selective sigma‐1 receptor (SIGMAR1) agonist, was studied in a 57‐week Phase 2a trial (NCT02244541). The study was extended for a further 208 weeks (NCT02756858) after meeting its primary safety endpoint. Methods Safety, clinical features, pharmacokinetic, and efficacy, measured by changes in the Mini‐Mental State Examination (MMSE) and the Alzheimer's Disease Cooperative Study‐Activities of Daily Living scale (ADCS‐ADL), were recorded. Whole exome and transcriptome sequences were obtained for 21 patients. The relationship between all available patient data and efficacy outcome measures was analyzed with unsupervised formal concept analysis (FCA), integrated in the Knowledge Extraction and Management (KEM) environment. Results Biomarkers with a significant impact on clinical outcomes were identified at week 57: mean plasma concentration of blarcamesine (slope MMSE: P &lt; .041), genomic variants SIGMAR1 p.Gln2Pro (ΔMMSE: P &lt; .039; ΔADCS‐ADL: P &lt; .063) and COMT p.Leu146fs (ΔMMSE: P &lt; .039; ΔADCS‐ADL: P &lt; .063), and baseline MMSE score (slope MMSE: P &lt; .015). Their combined impact on drug response was confirmed at week 148 with linear mixed effect models. Discussion Confirmatory Phase 2b/3 clinical studies of these patient selection markers are ongoing. This FCA/KEM analysis is a template for the identification of patient selection markers in early therapeutic development for neurologic disorders.",Harald Hampel; Coralie Williams; Adrien Etcheto; Federico Goodsaid; Frédéric Parmentier; Jean Sallantin; Walter E. Kaufmann; Christopher U. Missling; Mohammad Afshar,Alzheimer s & Dementia Translational Research & Clinical Interventions,https://doi.org/10.1002/trc2.12013,collected:openalex,,verified,openalex_open_access,https://onlinelibrary.wiley.com/action/cookieAbsent,pdf,2026-06-19T14:06:37.728725+00:00,text/html;charset=UTF-8,,yes,,"provider=openalex; provider_id=https://openalex.org/W3017335992; source_rank=99; retrieval_date=2026-06-19; screening_confidence=high; screening_reason=Deterministic title-strict tier-0 retrieval match: anchor and all main topics matched in the title.; screening_status=deterministic_include; title_anchor_present=yes; title_relevance_tier=0; title_matched_main_topics=alzheimers_disease; artificial_intelligence; source_query=(""Alzheimer's disease"" OR Alzheimer's OR ""Alzheimer disease"" OR ""prodromal Alzheimer's disease"" OR ""preclinical Alzheimer's disease"" OR ""dementia due to Alzheimer's disease"") AND (""artificial intelligence"" OR AI OR ""machine learning"" OR ""deep learning"" OR ""neural network"" OR ""natural language processing"" OR ""computer vision"" OR ""computational intelligence""); source_query_reason=Tier 0: anchor and all main topics.; dedupe_key=doi:10.1002/trc2.12013; duplicate_count=1; in_fetch_duplicate_count=1; topic_main_matches=alzheimers_disease=Alzheimer disease@title|Alzheimer@title|Alzheimer's disease@title|Alzheimer's@title, artificial_intelligence=artificial intelligence@title",yes,yes,
10_6026_97320630017363,Identification of marker genes in Alzheimer's disease using a machine-learning model,2021,10.6026/97320630017363,"Alzheimer's Disease (AD) is one of the most common causes of dementia, mostly affecting the elderly population. Currently, there is no proper diagnostic tool or method available for the detection of AD. The present study used two distinct data sets of AD genes, which could be potential biomarkers in the diagnosis. The differentially expressed genes (DEGs) curated from both datasets were used for machine learning classification, tissue expression annotation and co-expression analysis. Further, CNPY3, GPR84, HIST1H2AB, HIST1H2AE, IFNAR1, LMO3, MYO18A, N4BP2L1, PML, SLC4A4, ST8SIA4, TLE1 and N4BP2L1 were identified as highly significant DEGs and exhibited co-expression with other query genes. Moreover, a tissue expression study found that these genes are also expressed in the brain tissue. In addition to the earlier studies for marker gene identification, we have considered a different set of machine learning classifiers to improve the accuracy rate from the analysis. Amongst all the six classification algorithms, J48 emerged as the best classifier, which could be used for differentiating healthy and diseased samples. SMO/SVM and Logit Boost further followed J48 to achieve the classification accuracy.",Inamul Hasan Madar,Bioinformation,https://doi.org/10.6026/97320630017363,collected:openalex,,verified,openalex_open_access,http://www.bioinformation.net/017/97320630017363.pdf,pdf,2026-06-19T14:06:37.767332+00:00,application/pdf,,yes,,"provider=openalex; provider_id=https://openalex.org/W3184355119; source_rank=100; retrieval_date=2026-06-19; screening_confidence=high; screening_reason=Deterministic title-strict tier-0 retrieval match: anchor and all main topics matched in the title.; screening_status=deterministic_include; title_anchor_present=yes; title_relevance_tier=0; title_matched_main_topics=alzheimers_disease; artificial_intelligence; source_query=(""Alzheimer's disease"" OR Alzheimer's OR ""Alzheimer disease"" OR ""prodromal Alzheimer's disease"" OR ""preclinical Alzheimer's disease"" OR ""dementia due to Alzheimer's disease"") AND (""artificial intelligence"" OR AI OR ""machine learning"" OR ""deep learning"" OR ""neural network"" OR ""natural language processing"" OR ""computer vision"" OR ""computational intelligence""); source_query_reason=Tier 0: anchor and all main topics.; dedupe_key=doi:10.6026/97320630017363; duplicate_count=1; in_fetch_duplicate_count=1; topic_main_matches=alzheimers_disease=Alzheimer disease@title|Alzheimer@title|Alzheimer's disease@title|Alzheimer's@title, artificial_intelligence=machine learning@title",yes,yes,
10_1109_jbhi_2022_3215533,Conv-eRVFL: Convolutional Neural Network Based Ensemble RVFL Classifier for Alzheimer's Disease Diagnosis,2022,10.1109/jbhi.2022.3215533,"As per the latest statistics, Alzheimer's disease (AD) has become a global burden over the following decades. Identifying AD at the intermediate stage became challenging, with mild cognitive impairment (MCI) utilizing credible biomarkers and robust learning approaches. Neuroimaging techniques like magnetic resonance imaging (MRI) and positron emission tomography (PET) are practical research approaches that provide structural atrophies and metabolic variations. With the help of MRI and PET scans, metabolic and structural changes in AD patients can be visible even ten years before the disease's onset. This paper proposes a novel wavelet packet transform-based structural and metabolic image fusion approach using MRI and PET scans. An eight-layer trained CNN extracts features from multiple layers and these features are fed to an ensemble of non-iterative random vector functional link (RVFL) models. The RVFL network incorporates the s-membership fuzzy function as an activation function that helps overcome outliers. Lastly, outputs of all the customized RVFL classifiers are averaged and fed to the RVFL classifier to make the final decision. Experiments are performed over Alzheimer's Disease Neuroimaging Initiative (ADNI) dataset, and classification is made over CN vs. AD vs. MCI. The model performance obtained is decent enough to prove the effectiveness of the fusion-based ensemble approach.",Rahul Sharma; Tripti Goel; M. Tanveer; Ponnuthurai Nagaratnam Suganthan; Imran Razzak; R. Murugan,IEEE Journal of Biomedical and Health Informatics,https://doi.org/10.1109/jbhi.2022.3215533,collected:openalex,,verified,openalex_open_access,https://figshare.com/articles/journal_contribution/Conv-ERVFL_Convolutional_Neural_Network_Based_Ensemble_RVFL_Classifier_for_Alzheimer_s_Disease_Diagnosis/22091960,landing_page,2026-06-19T14:06:52.621434+00:00,text/html; charset=UTF-8,,yes,,"provider=openalex; provider_id=https://openalex.org/W4306831518; source_rank=101; retrieval_date=2026-06-19; screening_confidence=high; screening_reason=Deterministic title-strict tier-0 retrieval match: anchor and all main topics matched in the title.; screening_status=deterministic_include; title_anchor_present=yes; title_relevance_tier=0; title_matched_main_topics=alzheimers_disease; artificial_intelligence; source_query=(""Alzheimer's disease"" OR Alzheimer's OR ""Alzheimer disease"" OR ""prodromal Alzheimer's disease"" OR ""preclinical Alzheimer's disease"" OR ""dementia due to Alzheimer's disease"") AND (""artificial intelligence"" OR AI OR ""machine learning"" OR ""deep learning"" OR ""neural network"" OR ""natural language processing"" OR ""computer vision"" OR ""computational intelligence""); source_query_reason=Tier 0: anchor and all main topics.; dedupe_key=doi:10.1109/jbhi.2022.3215533; duplicate_count=1; in_fetch_duplicate_count=1; topic_main_matches=alzheimers_disease=Alzheimer disease@title|Alzheimer@title|Alzheimer's disease@title|Alzheimer's@title, artificial_intelligence=neural network@title",yes,yes,
10_1002_alz_70175,Early detection of Alzheimer's disease using deep learning methods,2025,10.1002/alz.70175,"INTRODUCTION: Alzheimer's disease (AD), a leading cause of dementia, requires early detection for effective intervention. This study employs AI to analyze multimodal datasets, including clinical, biomarker, and neuroimaging data, using hybrid deep learning frameworks to improve predictive accuracy. METHODS: A novel framework was developed, including trained models for structured data and magnetic resonance images. The structured data model used a long short-term memory (LSTM) for temporal dependencies and a feedforward neural network (FNN) for static patterns. The MRI-based model employed ResNet50 and MobileNetV2 to extract spatial features. Models were applied on National Alzheimer's Coordinating Centre (NACC) and Alzheimer's Disease Neuroimaging Initiative (ADNI) datasets and compared to previous works. RESULTS: The MRI-based model achieved 96.19% accuracy on the ADNI dataset, while the hybrid model attained 99.82% accuracy on NACC dataset. DISCUSSION: This study highlights hybrid AI models' potential in AD detection, enabling earlier interventions and improved detection outcomes. HIGHLIGHTS: AI models were explored for early AD detection using NACC and ADNI datasets. Achieved high accuracy with LSTM on NACC data, showing potential for early AD diagnosis. Evaluated transfer learning models (MobileNetV2, ResNet-50) to address data limitations. A method is proposed for the careful validation of transfer learning models in medical brain diagnostics.",Anthony Chidubem Mmadumbu; Faisal Saeed; Fuad A. Ghaleb; Sultan Noman Qasem,Alzheimer s & Dementia,https://doi.org/10.1002/alz.70175,collected:openalex,,verified,openalex_open_access,https://onlinelibrary.wiley.com/action/cookieAbsent,pdf,2026-06-19T14:06:52.621569+00:00,text/html;charset=UTF-8,,yes,,"provider=openalex; provider_id=https://openalex.org/W4410334621; source_rank=102; retrieval_date=2026-06-19; screening_confidence=high; screening_reason=Deterministic title-strict tier-0 retrieval match: anchor and all main topics matched in the title.; screening_status=deterministic_include; title_anchor_present=yes; title_relevance_tier=0; title_matched_main_topics=alzheimers_disease; artificial_intelligence; source_query=(""Alzheimer's disease"" OR Alzheimer's OR ""Alzheimer disease"" OR ""prodromal Alzheimer's disease"" OR ""preclinical Alzheimer's disease"" OR ""dementia due to Alzheimer's disease"") AND (""artificial intelligence"" OR AI OR ""machine learning"" OR ""deep learning"" OR ""neural network"" OR ""natural language processing"" OR ""computer vision"" OR ""computational intelligence""); source_query_reason=Tier 0: anchor and all main topics.; dedupe_key=doi:10.1002/alz.70175; duplicate_count=1; in_fetch_duplicate_count=1; topic_main_matches=alzheimers_disease=Alzheimer disease@title|Alzheimer@title|Alzheimer's disease@title|Alzheimer's@title, artificial_intelligence=deep learning@title",yes,yes,
10_1111_1475_6773_14210,Natural language processing to identify social determinants of health in Alzheimer's disease and related dementia from electronic health records,2023,10.1111/1475-6773.14210,"OBJECTIVE: To develop a natural language processing (NLP) algorithm that identifies social determinants of health (SDoH), including housing, transportation, food, and medication insecurities, social isolation, abuse, neglect, or exploitation, and financial difficulties for patients with Alzheimer's disease and related dementias (ADRD) from unstructured electronic health records (EHRs). DATA SOURCES AND STUDY SETTING: We leveraged 1000 medical notes randomly selected from 7401 emergency department and inpatient social worker notes generated between 2015 and 2019 for 231 unique patients diagnosed with ADRD at Michigan Medicine. STUDY DESIGN: We developed a rule-based NLP algorithm for the identification of seven domains of SDoH noted above. We also compared the rule-based algorithm with deep learning and regularized logistic regression approaches. These models were compared using accuracy, sensitivity, specificity, F1 score, and the area under the receiver operating characteristic curve (AUC). All notes were split into 700 notes for training NLP algorithms, and 300 notes for validation. DATA COLLECTION/EXTRACTION METHODS: Social worker notes used in this study were extracted from the Michigan Medicine EHR database. PRINCIPAL FINDINGS: Of the 700 notes for training, F1 and AUC for the rule-based algorithm were at least 0.94 and 0.95, respectively, for all SDoH categories. Of the 300 notes for validation, F1 and AUC were at least 0.80 and 0.97, respectively, for all SDoH except housing and medication insecurities. The deep learning and regularized logistic regression algorithms had unsatisfactory performance. CONCLUSIONS: The rule-based algorithm can accurately extract SDoH information in all seven domains of SDoH except housing and medication insecurities. Findings from the algorithm can be used by clinicians and social workers to proactively address social needs of patients with ADRD and other vulnerable patient populations.",Wenbo Wu; Kaes J. Holkeboer; Temidun O. Kolawole; Lorrie Carbone; Elham Mahmoudi,Health Services Research,https://doi.org/10.1111/1475-6773.14210,collected:openalex,,verified,openalex_open_access,https://onlinelibrary.wiley.com/action/cookieAbsent,pdf,2026-06-19T14:06:52.621690+00:00,text/html;charset=UTF-8,,yes,,"provider=openalex; provider_id=https://openalex.org/W4385501660; source_rank=103; retrieval_date=2026-06-19; screening_confidence=high; screening_reason=Deterministic title-strict tier-0 retrieval match: anchor and all main topics matched in the title.; screening_status=deterministic_include; title_anchor_present=yes; title_relevance_tier=0; title_matched_main_topics=alzheimers_disease; artificial_intelligence; source_query=(""Alzheimer's disease"" OR Alzheimer's OR ""Alzheimer disease"" OR ""prodromal Alzheimer's disease"" OR ""preclinical Alzheimer's disease"" OR ""dementia due to Alzheimer's disease"") AND (""artificial intelligence"" OR AI OR ""machine learning"" OR ""deep learning"" OR ""neural network"" OR ""natural language processing"" OR ""computer vision"" OR ""computational intelligence""); source_query_reason=Tier 0: anchor and all main topics.; dedupe_key=doi:10.1111/1475-6773.14210; duplicate_count=1; in_fetch_duplicate_count=1; topic_main_matches=alzheimers_disease=Alzheimer disease@title|Alzheimer@title|Alzheimer's disease@title|Alzheimer's@title, artificial_intelligence=natural language processing@title",yes,yes,
